subject,label,cohort_class,Age,Sex,CDR,MMSE,eTIV,nWBV,ASF,Educ,split,n_sessions
OAS1_0001,0,CN,74,F,0.0,29.0,1344,0.743,1.306,2.0,val,1
OAS1_0003,1,AD,73,F,0.5,27.0,1454,0.708,1.207,4.0,train,1
OAS1_0010,0,CN,74,M,0.0,30.0,1636,0.689,1.073,5.0,train,1
OAS1_0013,0,CN,81,F,0.0,30.0,1664,0.679,1.055,5.0,test,1
OAS1_0015,1,AD,76,M,0.5,28.0,1738,0.719,1.01,2.0,train,1
OAS1_0016,1,AD,82,M,0.5,27.0,1477,0.739,1.188,2.0,train,1
OAS1_0019,0,CN,89,F,0.0,30.0,1536,0.715,1.142,5.0,train,1
OAS1_0021,1,AD,80,F,0.5,23.0,1794,0.765,0.978,3.0,val,1
OAS1_0022,1,AD,69,F,0.5,23.0,1447,0.757,1.213,2.0,train,1
OAS1_0023,1,AD,82,M,0.5,27.0,1420,0.71,1.236,2.0,train,1
OAS1_0028,1,AD,86,F,1.0,27.0,1449,0.738,1.211,2.0,test,1
OAS1_0030,0,CN,65,F,0.0,29.0,1392,0.764,1.261,2.0,test,1
OAS1_0031,1,AD,88,M,1.0,26.0,1419,0.674,1.236,1.0,test,1
OAS1_0032,0,CN,89,M,0.0,28.0,1631,0.682,1.076,4.0,train,1
OAS1_0033,0,CN,80,F,0.0,29.0,1323,0.735,1.326,4.0,train,1
OAS1_0035,1,AD,84,F,1.0,28.0,1402,0.695,1.252,3.0,train,1
OAS1_0039,1,AD,70,M,0.5,29.0,1463,0.772,1.2,4.0,val,1
OAS1_0041,1,AD,62,F,0.5,28.0,1350,0.758,1.3,2.0,train,1
OAS1_0042,1,AD,80,M,0.5,29.0,1854,0.709,0.947,4.0,train,1
OAS1_0046,1,AD,64,M,0.5,22.0,1351,0.787,1.299,2.0,train,1
OAS1_0052,1,AD,78,F,1.0,23.0,1462,0.697,1.2,1.0,train,1
OAS1_0053,1,AD,83,F,1.0,21.0,1384,0.699,1.268,1.0,train,1
OAS1_0056,1,AD,72,F,1.0,15.0,1324,0.668,1.325,3.0,val,1
OAS1_0060,1,AD,79,M,0.5,29.0,1564,0.734,1.122,4.0,val,1
OAS1_0062,0,CN,73,F,0.0,30.0,1456,0.754,1.205,3.0,val,1
OAS1_0064,0,CN,77,F,0.0,29.0,1583,0.767,1.108,1.0,train,1
OAS1_0065,0,CN,90,M,0.0,25.0,1301,0.645,1.349,2.0,train,1
OAS1_0066,1,AD,66,F,0.5,28.0,1309,0.765,1.341,1.0,train,1
OAS1_0067,1,AD,71,F,1.0,27.0,1549,0.73,1.133,4.0,train,1
OAS1_0068,0,CN,67,F,0.0,30.0,1508,0.805,1.164,3.0,train,1
OAS1_0070,0,CN,63,F,0.0,30.0,1327,0.801,1.323,3.0,train,1
OAS1_0073,1,AD,69,F,1.0,21.0,1495,0.655,1.174,2.0,train,1
OAS1_0075,0,CN,83,F,0.0,30.0,1335,0.72,1.314,3.0,train,1
OAS1_0082,1,AD,75,F,0.5,28.0,1407,0.776,1.247,2.0,test,1
OAS1_0084,1,AD,81,F,0.5,27.0,1453,0.727,1.208,2.0,train,1
OAS1_0085,0,CN,70,F,0.0,29.0,1283,0.791,1.368,2.0,train,1
OAS1_0094,1,AD,66,F,0.5,30.0,1447,0.772,1.213,2.0,train,1
OAS1_0098,1,AD,67,F,0.5,18.0,1653,0.693,1.062,2.0,train,1
OAS1_0106,0,CN,81,F,0.0,30.0,1230,0.717,1.427,2.0,train,1
OAS1_0110,0,CN,84,M,0.0,28.0,1483,0.697,1.183,3.0,train,1
OAS1_0112,0,CN,69,F,0.0,29.0,1536,0.733,1.143,5.0,train,1
OAS1_0113,0,CN,83,F,0.0,29.0,1569,0.768,1.118,2.0,val,1
OAS1_0114,0,CN,62,M,0.0,30.0,1378,0.804,1.274,2.0,val,1
OAS1_0115,1,AD,72,M,0.5,26.0,1911,0.726,0.919,5.0,test,1
OAS1_0120,1,AD,70,M,0.5,26.0,1796,0.736,0.977,4.0,test,1
OAS1_0122,1,AD,83,F,1.0,22.0,1377,0.715,1.274,5.0,train,1
OAS1_0123,1,AD,83,F,0.5,24.0,1282,0.797,1.369,3.0,train,1
OAS1_0124,1,AD,73,M,0.5,23.0,1661,0.709,1.056,2.0,train,1
OAS1_0130,0,CN,68,M,0.0,26.0,1444,0.789,1.216,3.0,train,1
OAS1_0133,0,CN,65,F,0.0,30.0,1277,0.814,1.374,5.0,train,1
OAS1_0134,1,AD,80,M,1.0,20.0,1494,0.665,1.175,2.0,test,1
OAS1_0135,0,CN,64,M,0.0,29.0,1561,0.801,1.124,2.0,val,1
OAS1_0137,1,AD,87,F,1.0,22.0,1499,0.672,1.171,2.0,val,1
OAS1_0138,0,CN,80,M,0.0,28.0,1689,0.706,1.039,2.0,train,1
OAS1_0139,0,CN,72,F,0.0,28.0,1512,0.779,1.161,3.0,train,1
OAS1_0142,1,AD,70,M,0.5,27.0,1581,0.695,1.11,4.0,test,1
OAS1_0143,1,AD,66,M,0.5,30.0,1446,0.784,1.214,2.0,train,1
OAS1_0146,0,CN,82,F,0.0,28.0,1513,0.742,1.16,5.0,test,1
OAS1_0155,1,AD,71,M,0.5,28.0,1359,0.753,1.291,4.0,test,1
OAS1_0157,0,CN,86,F,0.0,30.0,1293,0.756,1.357,4.0,train,1
OAS1_0158,1,AD,81,M,0.5,26.0,1556,0.689,1.128,5.0,test,1
OAS1_0161,1,AD,84,F,0.5,27.0,1390,0.727,1.263,2.0,train,1
OAS1_0164,1,AD,81,F,0.5,28.0,1495,0.687,1.174,2.0,val,1
OAS1_0165,0,CN,74,F,0.0,29.0,1395,0.787,1.258,2.0,test,1
OAS1_0166,1,AD,80,F,0.5,27.0,1475,0.771,1.19,2.0,test,1
OAS1_0169,0,CN,88,F,0.0,30.0,1445,0.718,1.215,2.0,test,1
OAS1_0170,0,CN,71,M,0.0,29.0,1455,0.725,1.206,2.0,val,1
OAS1_0176,0,CN,88,F,0.0,29.0,1398,0.712,1.255,3.0,test,1
OAS1_0179,1,AD,87,F,0.5,21.0,1250,0.653,1.405,2.0,train,1
OAS1_0180,0,CN,80,F,0.0,30.0,1496,0.745,1.173,4.0,train,1
OAS1_0184,1,AD,65,F,1.0,16.0,1521,0.669,1.154,2.0,train,1
OAS1_0185,1,AD,78,F,1.0,17.0,1314,0.739,1.336,2.0,test,1
OAS1_0186,0,CN,84,M,0.0,29.0,1707,0.731,1.028,5.0,train,1
OAS1_0195,0,CN,76,F,0.0,28.0,1346,0.766,1.304,4.0,train,1
OAS1_0199,0,CN,69,M,0.0,30.0,1601,0.784,1.096,5.0,test,1
OAS1_0201,0,CN,85,F,0.0,26.0,1460,0.754,1.202,4.0,train,1
OAS1_0203,0,CN,71,F,0.0,30.0,1360,0.779,1.291,2.0,train,1
OAS1_0205,1,AD,75,M,0.5,30.0,1891,0.716,0.928,4.0,train,1
OAS1_0206,0,CN,78,F,0.0,30.0,1243,0.747,1.412,5.0,train,1
OAS1_0210,1,AD,73,F,0.5,28.0,1676,0.722,1.047,4.0,train,1
OAS1_0212,0,CN,74,F,0.0,28.0,1614,0.697,1.087,3.0,val,1
OAS1_0216,0,CN,71,F,0.0,30.0,1503,0.792,1.168,4.0,train,1
OAS1_0217,1,AD,78,F,0.5,27.0,1393,0.692,1.26,4.0,val,1
OAS1_0220,0,CN,75,F,0.0,30.0,1317,0.742,1.332,5.0,val,1
OAS1_0221,0,CN,94,F,0.0,29.0,1474,0.696,1.19,5.0,test,1
OAS1_0223,1,AD,84,M,1.0,20.0,1641,0.703,1.07,2.0,train,1
OAS1_0226,1,AD,90,M,0.5,23.0,1668,0.644,1.052,1.0,train,1
OAS1_0228,0,CN,81,F,0.0,28.0,1486,0.759,1.181,3.0,train,1
OAS1_0233,1,AD,77,F,0.5,20.0,1376,0.701,1.275,1.0,train,1
OAS1_0234,0,CN,75,M,0.0,29.0,1534,0.771,1.144,5.0,val,1
OAS1_0237,0,CN,72,F,0.0,27.0,1322,0.764,1.328,2.0,train,1
OAS1_0238,1,AD,77,F,0.5,28.0,1484,0.786,1.182,2.0,val,1
OAS1_0240,1,AD,74,F,0.5,26.0,1171,0.736,1.499,2.0,train,1
OAS1_0241,0,CN,74,F,0.0,30.0,1400,0.754,1.254,5.0,train,1
OAS1_0243,1,AD,64,M,0.5,22.0,1547,0.742,1.134,5.0,train,1
OAS1_0244,0,CN,80,F,0.0,29.0,1341,0.737,1.309,4.0,val,1
OAS1_0247,1,AD,90,M,0.5,21.0,1307,0.689,1.342,2.0,val,1
OAS1_0254,0,CN,85,F,0.0,29.0,1264,0.705,1.388,5.0,train,1
OAS1_0255,0,CN,71,F,0.0,30.0,1426,0.737,1.231,5.0,train,1
OAS1_0256,0,CN,70,M,0.0,30.0,1660,0.739,1.057,5.0,train,1
OAS1_0259,0,CN,78,F,0.0,29.0,1334,0.773,1.316,3.0,train,1
OAS1_0260,0,CN,87,M,0.0,30.0,1762,0.719,0.996,2.0,train,1
OAS1_0263,1,AD,79,M,0.5,30.0,1722,0.709,1.019,4.0,train,1
OAS1_0267,1,AD,80,M,0.5,28.0,1506,0.679,1.166,5.0,train,1
OAS1_0268,1,AD,78,M,1.0,23.0,1491,0.715,1.177,2.0,val,1
OAS1_0269,1,AD,72,F,1.0,21.0,1489,0.683,1.179,1.0,test,1
OAS1_0270,0,CN,93,F,0.0,30.0,1272,0.703,1.38,3.0,train,1
OAS1_0272,1,AD,75,F,0.5,26.0,1355,0.745,1.296,3.0,val,1
OAS1_0273,1,AD,89,F,0.5,18.0,1480,0.676,1.186,1.0,test,1
OAS1_0278,1,AD,96,F,1.0,26.0,1465,0.684,1.198,5.0,train,1
OAS1_0279,0,CN,73,F,0.0,30.0,1475,0.721,1.19,1.0,test,1
OAS1_0280,0,CN,78,F,0.0,30.0,1440,0.67,1.219,5.0,train,1
OAS1_0284,0,CN,91,F,0.0,30.0,1714,0.746,1.024,5.0,train,1
OAS1_0286,1,AD,83,F,0.5,20.0,1476,0.751,1.189,3.0,train,1
OAS1_0287,1,AD,78,F,0.5,21.0,1194,0.694,1.47,3.0,train,1
OAS1_0288,1,AD,71,M,0.5,20.0,1461,0.727,1.202,2.0,train,1
OAS1_0290,1,AD,83,M,0.5,26.0,1992,0.706,0.881,3.0,train,1
OAS1_0291,1,AD,73,F,1.0,19.0,1274,0.745,1.377,2.0,train,1
OAS1_0293,0,CN,69,F,0.0,26.0,1384,0.783,1.268,1.0,train,1
OAS1_0298,1,AD,72,F,0.5,24.0,1354,0.738,1.296,4.0,train,1
OAS1_0300,1,AD,68,M,0.5,30.0,1556,0.723,1.128,3.0,val,1
OAS1_0303,0,CN,67,F,0.0,30.0,1221,0.831,1.438,2.0,val,1
OAS1_0304,1,AD,84,M,0.5,29.0,1497,0.693,1.172,3.0,train,1
OAS1_0307,1,AD,67,M,0.5,23.0,1399,0.735,1.255,4.0,train,1
OAS1_0308,1,AD,78,F,2.0,15.0,1401,0.703,1.253,3.0,train,1
OAS1_0312,1,AD,73,F,0.5,26.0,1311,0.756,1.339,3.0,train,1
OAS1_0315,1,AD,77,M,0.5,25.0,1604,0.773,1.094,5.0,train,1
OAS1_0316,1,AD,72,F,1.0,22.0,1493,0.69,1.176,4.0,train,1
OAS1_0317,0,CN,86,M,0.0,26.0,1501,0.702,1.169,4.0,train,1
OAS1_0326,0,CN,73,F,0.0,29.0,1272,0.7,1.38,3.0,train,1
OAS1_0329,1,AD,80,F,0.5,29.0,1209,0.76,1.451,2.0,train,1
OAS1_0330,0,CN,80,F,0.0,27.0,1381,0.752,1.27,1.0,test,1
OAS1_0332,0,CN,72,M,0.0,29.0,1734,0.762,1.012,1.0,train,1
OAS1_0335,1,AD,80,F,0.5,27.0,1654,0.678,1.061,1.0,train,1
OAS1_0337,0,CN,81,M,0.0,28.0,1750,0.676,1.003,1.0,test,1
OAS1_0338,0,CN,77,M,0.0,29.0,1818,0.736,0.965,4.0,val,1
OAS1_0339,1,AD,79,F,0.5,24.0,1211,0.694,1.449,2.0,train,1
OAS1_0341,0,CN,71,F,0.0,30.0,1479,0.772,1.187,2.0,test,1
OAS1_0342,0,CN,88,F,0.0,28.0,1370,0.765,1.281,2.0,train,1
OAS1_0343,0,CN,68,M,0.0,30.0,1441,0.811,1.217,3.0,train,1
OAS1_0351,1,AD,86,M,2.0,15.0,1512,0.665,1.161,1.0,test,1
OAS1_0352,1,AD,81,F,0.5,26.0,1174,0.743,1.495,5.0,train,1
OAS1_0354,0,CN,74,M,0.0,26.0,1367,0.776,1.284,1.0,train,1
OAS1_0355,0,CN,73,F,0.0,29.0,1123,0.79,1.563,4.0,train,1
OAS1_0358,0,CN,65,M,0.0,29.0,1362,0.839,1.289,3.0,train,1
OAS1_0362,1,AD,63,F,0.5,14.0,1439,0.716,1.219,3.0,train,1
OAS1_0363,0,CN,87,M,0.0,30.0,1398,0.702,1.255,4.0,train,1
OAS1_0365,0,CN,74,M,0.0,30.0,1806,0.754,0.972,5.0,train,1
OAS1_0369,0,CN,73,F,0.0,28.0,1295,0.772,1.356,4.0,train,1
OAS1_0371,0,CN,70,F,0.0,30.0,1361,0.783,1.29,3.0,train,1
OAS1_0373,1,AD,80,F,1.0,20.0,1732,0.692,1.013,3.0,train,1
OAS1_0374,1,AD,73,F,0.5,29.0,1238,0.76,1.418,3.0,train,1
OAS1_0380,1,AD,83,F,0.5,18.0,1313,0.705,1.337,1.0,train,1
OAS1_0382,1,AD,67,F,1.0,15.0,1288,0.763,1.362,4.0,train,1
OAS1_0388,1,AD,77,F,1.0,22.0,1350,0.736,1.3,2.0,val,1
OAS1_0390,1,AD,69,M,0.5,24.0,1480,0.794,1.186,2.0,train,1
OAS1_0398,0,CN,71,M,0.0,30.0,1769,0.716,0.992,5.0,train,1
OAS1_0399,1,AD,78,M,1.0,29.0,1569,0.706,1.119,2.0,train,1
OAS1_0400,1,AD,92,F,0.5,25.0,1774,0.644,0.989,5.0,train,1
OAS1_0402,1,AD,76,F,0.5,30.0,1350,0.763,1.3,3.0,train,1
OAS1_0404,0,CN,73,F,0.0,29.0,1465,0.776,1.198,2.0,train,1
OAS1_0405,1,AD,77,M,1.0,23.0,1713,0.761,1.024,5.0,val,1
OAS1_0411,1,AD,71,F,0.5,29.0,1346,0.742,1.304,5.0,train,1
OAS1_0418,1,AD,74,M,0.5,28.0,1659,0.747,1.058,5.0,test,1
OAS1_0423,0,CN,75,M,0.0,28.0,1511,0.749,1.162,2.0,train,1
OAS1_0424,1,AD,75,M,1.0,20.0,1613,0.715,1.088,4.0,train,1
OAS1_0425,1,AD,78,F,1.0,23.0,1461,0.715,1.201,1.0,train,1
OAS1_0426,0,CN,82,F,0.0,29.0,1316,0.791,1.334,5.0,train,1
OAS1_0428,0,CN,84,F,0.0,28.0,1500,0.751,1.17,4.0,train,1
OAS1_0430,1,AD,71,M,1.0,17.0,1562,0.687,1.123,4.0,train,1
OAS1_0432,1,AD,72,F,0.5,26.0,1453,0.773,1.208,2.0,train,1
OAS1_0438,0,CN,66,F,0.0,29.0,1191,0.787,1.474,5.0,train,1
OAS1_0440,1,AD,86,M,0.5,27.0,1320,0.723,1.329,1.0,train,1
OAS1_0441,1,AD,81,M,0.5,29.0,1647,0.721,1.066,5.0,train,1
OAS1_0446,0,CN,80,F,0.0,30.0,1390,0.748,1.263,2.0,train,1
OAS1_0447,1,AD,92,F,0.5,24.0,1388,0.739,1.264,4.0,train,1
OAS1_0449,0,CN,71,F,0.0,29.0,1264,0.818,1.388,3.0,train,1
OAS1_0451,1,AD,73,M,0.5,27.0,1687,0.728,1.04,5.0,train,1
OAS1_0452,1,AD,75,M,1.0,22.0,1656,0.762,1.06,1.0,train,1
OAS1_0453,1,AD,70,F,0.5,29.0,1295,0.748,1.355,1.0,train,1
OAS1_0454,1,AD,73,F,0.5,23.0,1536,0.73,1.142,3.0,val,1
OAS1_0457,0,CN,62,F,0.0,26.0,1372,0.766,1.279,3.0,train,1
