label,alzheimer,parkinson,huntington
TianS1_01,-0.19072172154120273,-0.1866156029240449,-0.19700004411845587
TianS1_02,-0.47722541876518537,-0.5103960521471627,-0.5210233692366062
TianS1_03,0.023890031743237956,-0.10007082576533916,0.37647856807689434
TianS1_04,-0.2341580531457532,-0.3041165920490209,0.0919390835494244
TianS1_05,-0.1185097439831352,-0.11242586751738473,-0.3089203907532837
TianS1_06,0.1377908351399945,-0.09872846935752465,0.2760292858307988
TianS1_07,-0.024265713996671802,-0.14611162705610026,0.012649953967095274
TianS1_08,-0.017809892795964743,-0.12022995604605005,0.09910734613896165
TianS1_09,-0.09259807180106139,-0.09321628882620529,0.05256173884452679
TianS1_10,-0.0905737750628927,-0.13746860769159377,-0.12044500991792732
TianS1_11,0.0912850910526272,-0.06434298503865364,0.8329874504077864
TianS1_12,-0.03008100728891107,-0.13984417736158877,0.6170080693816014
TianS1_13,-0.08780936262664643,-0.034381158760548626,0.3109248229170254
TianS1_14,-0.022684067724643688,-0.18886556283402303,0.36182977843654857
TianS1_15,-0.09721844812734051,-0.229954378745901,0.11347656670229342
TianS1_16,-0.07327058636849436,-0.1629407842297272,0.3762133504372561
bankssts_L,-0.042513468044674554,-0.014858772714504368,-0.06520786959021611
caudalanteriorcingulate_L,-0.11949656410615399,-0.14100125809560266,-0.2477378813643266
caudalmiddlefrontal_L,-0.04663591143854937,0.010054069257774498,-0.15815038721269095
cuneus_L,-0.005523080224936099,-0.03759637185593615,0.03586281967887361
entorhinal_L,-0.021463815521965544,0.014110713766730084,-0.30701055208337547
fusiform_L,-0.08969973881120105,-0.04364643485656664,-0.19586008111524605
inferiorparietal_L,-0.006237585523274812,0.023143176868936185,-0.045771088103154736
inferiortemporal_L,-0.07423466917719455,-0.032320456474811535,-0.2510732818576156
isthmuscingulate_L,-0.08400718514588584,-0.02170671371503451,-0.12961913782376422
lateraloccipital_L,0.05924326388899041,0.05873173428389055,0.09263289827819084
lateralorbitofrontal_L,0.005995548051003028,0.03213690700477401,-0.31365530158488003
lingual_L,-0.0071720450026767175,-0.03197528655830368,0.04373028448955442
medialorbitofrontal_L,0.0029831023318191573,0.03388395806748002,-0.4314681384691783
middletemporal_L,-0.10624653347749898,-0.07290705533651988,-0.22126443702069581
parahippocampal_L,0.025999441040923287,0.06546857735672171,-0.18937888824247928
paracentral_L,-0.012752322349843123,0.04055858110246383,0.08036288245842624
parsopercularis_L,-0.026577021870205525,0.08027794249070846,-0.26412703782310387
parsorbitalis_L,-0.08715104156670749,-0.05882788256874973,-0.36151775010065174
parstriangularis_L,-0.010175279810857646,0.06051100240919952,-0.24412705491777617
pericalcarine_L,0.0634222170082288,0.006246846473998784,0.2649038160840898
postcentral_L,0.014582043706094859,0.06356836385789989,0.16846515444856236
posteriorcingulate_L,-0.008598706118771953,0.04587304424847207,-0.13350051817438593
precentral_L,0.0032604449107026764,0.0622515973971177,0.05681928949677342
precuneus_L,-0.04235527637542423,-0.015905999240073704,-0.14711289605338956
rostralanteriorcingulate_L,-0.07108932825504513,-0.024827624068660653,-0.4287438356905907
rostralmiddlefrontal_L,0.001559750840634749,0.02196350959827759,-0.31192087681680103
superiorfrontal_L,-0.024875144129571262,0.03355245116185048,-0.22189036657433478
superiorparietal_L,-0.010075225590156216,0.015792591455158544,-0.05794146599781578
superiortemporal_L,-0.047197899969511764,-0.014029252506582964,-0.1858775663262664
supramarginal_L,-0.0502069617106066,0.011416961768226767,-0.10021753136906036
frontalpole_L,0.14445442076352813,-0.07222156804356722,0.018015494930138452
temporalpole_L,-0.06825595282515406,0.02062372295514284,-0.46772556004882737
transversetemporal_L,0.0920177995371419,0.0672861151273674,0.040314830449258654
insula_L,-0.007218376664609597,0.022791978010267076,-0.20971847356265197
accumbensarea_L,-0.11297536705077316,-0.05734781950965603,0.6530830791380545
bankssts_R,0.07939160073522653,0.11904099593290579,0.11556875423196984
caudalanteriorcingulate_R,0.17017610550461182,0.21844938541451034,0.02984117969366724
caudalmiddlefrontal_R,0.04556142322466733,0.07627998498682513,0.015500608032335328
cuneus_R,0.03235733396782385,0.1462812097659289,0.3125647779518579
entorhinal_R,0.02860367404017651,0.053008550123260334,-0.2167714291707004
fusiform_R,0.0037848404281925403,0.019489953099912798,0.04221256610958438
inferiorparietal_R,0.05292054778365692,0.0926285099116824,0.1165131035232032
inferiortemporal_R,-0.011763178634621691,0.011374161418300685,-0.15625527699973177
isthmuscingulate_R,0.07882325416660808,0.023756416247066953,-0.12418055554321486
lateraloccipital_R,0.033199777931195704,0.007686286587057111,0.1723710362976664
lateralorbitofrontal_R,0.10056986841686642,0.12466046000083286,-0.1212822023969315
lingual_R,0.06767565787011032,0.04730639741461754,0.21110604979312964
medialorbitofrontal_R,0.1095385836947631,0.12606560351636917,-0.0901558966135483
middletemporal_R,0.0769560960867102,0.1011522637903015,-0.02253260062552924
parahippocampal_R,0.06247696882762676,0.06687446235590383,0.002285151427383784
paracentral_R,-0.018444405073381565,0.012017351575939767,0.15527147253797674
parsopercularis_R,0.1576990018129108,0.16678235236320893,0.063645636744696
parsorbitalis_R,0.050006933549640295,0.1082961030796167,-0.18356280066376487
parstriangularis_R,0.06963193380933402,0.08153429698696951,0.05204793027043051
pericalcarine_R,-0.06824600140171015,-0.1368020442920203,0.0628308453116725
postcentral_R,0.06739439971537176,0.049503976370748784,0.2194740277938668
posteriorcingulate_R,-0.03672820138570362,0.03665700604295195,-0.036517257160631075
precentral_R,0.022860809726625297,0.03344109436877595,0.17136041087396178
precuneus_R,-0.019218219808754614,-0.012175574562990113,-0.045038359470578535
rostralanteriorcingulate_R,0.2234568885025534,0.284588779419582,0.01187478850968451
rostralmiddlefrontal_R,0.09657821191195196,0.10431271142317622,-0.04833437420873407
superiorfrontal_R,0.1206078068644725,0.1405300752953777,0.05789152304135145
superiorparietal_R,-0.033953031263372756,-0.06705534642851063,0.025548898376398167
superiortemporal_R,0.044832183488692744,0.011464594468490873,0.02854200009287162
supramarginal_R,-0.04756442368093367,-0.0010515379994150865,-0.10339497923946936
frontalpole_R,0.041774419221033504,0.08773064786249202,-0.45833507168863796
transversetemporal_R,0.18981975247040156,0.00929038373044153,0.17103098666754055
insula_R,0.05137992193374604,0.07157290933938437,-0.03214944837293318
accumbensarea_R,0.41021368232215905,0.5367682171397924,0.7635545510597989
brainstem,-0.1791978427844251,-0.27282304951650826,0.7000841816207747
