label,score
TianS1_01,-0.19700004411845587
TianS1_02,-0.5210233692366062
TianS1_03,0.37647856807689434
TianS1_04,0.0919390835494244
TianS1_05,-0.3089203907532837
TianS1_06,0.2760292858307988
TianS1_07,0.012649953967095274
TianS1_08,0.09910734613896165
TianS1_09,0.05256173884452679
TianS1_10,-0.12044500991792732
TianS1_11,0.8329874504077864
TianS1_12,0.6170080693816014
TianS1_13,0.3109248229170254
TianS1_14,0.36182977843654857
TianS1_15,0.11347656670229342
TianS1_16,0.3762133504372561
bankssts_L,-0.06520786959021611
caudalanteriorcingulate_L,-0.2477378813643266
caudalmiddlefrontal_L,-0.15815038721269095
cuneus_L,0.03586281967887361
entorhinal_L,-0.30701055208337547
fusiform_L,-0.19586008111524605
inferiorparietal_L,-0.045771088103154736
inferiortemporal_L,-0.2510732818576156
isthmuscingulate_L,-0.12961913782376422
lateraloccipital_L,0.09263289827819084
lateralorbitofrontal_L,-0.31365530158488003
lingual_L,0.04373028448955442
medialorbitofrontal_L,-0.4314681384691783
middletemporal_L,-0.22126443702069581
parahippocampal_L,-0.18937888824247928
paracentral_L,0.08036288245842624
parsopercularis_L,-0.26412703782310387
parsorbitalis_L,-0.36151775010065174
parstriangularis_L,-0.24412705491777617
pericalcarine_L,0.2649038160840898
postcentral_L,0.16846515444856236
posteriorcingulate_L,-0.13350051817438593
precentral_L,0.05681928949677342
precuneus_L,-0.14711289605338956
rostralanteriorcingulate_L,-0.4287438356905907
rostralmiddlefrontal_L,-0.31192087681680103
superiorfrontal_L,-0.22189036657433478
superiorparietal_L,-0.05794146599781578
superiortemporal_L,-0.1858775663262664
supramarginal_L,-0.10021753136906036
frontalpole_L,0.018015494930138452
temporalpole_L,-0.46772556004882737
transversetemporal_L,0.040314830449258654
insula_L,-0.20971847356265197
accumbensarea_L,0.6530830791380545
bankssts_R,0.11556875423196984
caudalanteriorcingulate_R,0.02984117969366724
caudalmiddlefrontal_R,0.015500608032335328
cuneus_R,0.3125647779518579
entorhinal_R,-0.2167714291707004
fusiform_R,0.04221256610958438
inferiorparietal_R,0.1165131035232032
inferiortemporal_R,-0.15625527699973177
isthmuscingulate_R,-0.12418055554321486
lateraloccipital_R,0.1723710362976664
lateralorbitofrontal_R,-0.1212822023969315
lingual_R,0.21110604979312964
medialorbitofrontal_R,-0.0901558966135483
middletemporal_R,-0.02253260062552924
parahippocampal_R,0.002285151427383784
paracentral_R,0.15527147253797674
parsopercularis_R,0.063645636744696
parsorbitalis_R,-0.18356280066376487
parstriangularis_R,0.05204793027043051
pericalcarine_R,0.0628308453116725
postcentral_R,0.2194740277938668
posteriorcingulate_R,-0.036517257160631075
precentral_R,0.17136041087396178
precuneus_R,-0.045038359470578535
rostralanteriorcingulate_R,0.01187478850968451
rostralmiddlefrontal_R,-0.04833437420873407
superiorfrontal_R,0.05789152304135145
superiorparietal_R,0.025548898376398167
superiortemporal_R,0.02854200009287162
supramarginal_R,-0.10339497923946936
frontalpole_R,-0.45833507168863796
transversetemporal_R,0.17103098666754055
insula_R,-0.03214944837293318
accumbensarea_R,0.7635545510597989
brainstem,0.7000841816207747
