id,label,hemisphere,structure,source,source_id,surface_dk_id,n_voxels,centroid_x,centroid_y,centroid_z
1,TianS1_01,R,subcortex/brainstem,tian_s1,1,-1,699,26.58726752503577,-22.12804005722461,-15.595851216022886
2,TianS1_02,R,subcortex/brainstem,tian_s1,2,-1,380,23.536842105263162,-4.39473684210526,-20.38947368421053
3,TianS1_03,R,subcortex/brainstem,tian_s1,3,-1,387,14.905684754521957,-27.414728682170548,2.311369509043928
4,TianS1_04,R,subcortex/brainstem,tian_s1,4,-1,868,9.481566820276498,-15.108294930875573,8.142857142857139
5,TianS1_05,R,subcortex/brainstem,tian_s1,5,-1,255,12.307843137254906,13.85294117647058,-6.554901960784321
6,TianS1_06,R,subcortex/brainstem,tian_s1,6,-1,198,19.621212121212125,-4.318181818181813,-2.1969696969697026
7,TianS1_07,R,subcortex/brainstem,tian_s1,7,-1,940,26.121276595744675,0.4085106382978836,-0.21489361702127496
8,TianS1_08,R,subcortex/brainstem,tian_s1,8,-1,435,13.41724137931034,10.226436781609209,9.509195402298857
9,TianS1_09,L,subcortex/brainstem,tian_s1,9,-1,690,-27.450724637681162,-22.276811594202897,-15.181159420289852
10,TianS1_10,L,subcortex/brainstem,tian_s1,10,-1,395,-24.722784810126583,-4.140506329113919,-20.120253164556964
11,TianS1_11,L,subcortex/brainstem,tian_s1,11,-1,446,-14.970852017937219,-27.50448430493273,2.280269058295957
12,TianS1_12,L,subcortex/brainstem,tian_s1,12,-1,965,-9.380829015544037,-15.076165803108807,8.285492227979276
13,TianS1_13,L,subcortex/brainstem,tian_s1,13,-1,281,-12.407473309608534,13.613879003558708,-6.443060498220646
14,TianS1_14,L,subcortex/brainstem,tian_s1,14,-1,198,-20.621212121212125,-4.318181818181813,-2.1969696969697026
15,TianS1_15,L,subcortex/brainstem,tian_s1,15,-1,919,-27.15070729053319,0.23775843307942068,0.046245919477698294
16,TianS1_16,L,subcortex/brainstem,tian_s1,16,-1,506,-13.519762845849797,9.835968379446626,9.47233201581028
17,bankssts_L,L,cortex,dk68,1,1,491,-54.92362525458248,-43.42871690427698,7.231160896130348
18,caudalanteriorcingulate_L,L,cortex,dk68,2,2,334,-5.883233532934128,19.12874251497007,26.81137724550898
19,caudalmiddlefrontal_L,L,cortex,dk68,3,3,1414,-37.596181046676094,12.154879773691647,46.34724186704385
20,cuneus_L,L,cortex,dk68,4,4,604,-8.2748344370861,-80.7251655629139,17.778145695364245
21,entorhinal_L,L,cortex,dk68,5,5,236,-25.16101694915254,-5.720338983050851,-34.279661016949156
22,fusiform_L,L,cortex,dk68,6,6,1740,-36.39310344827586,-42.45747126436781,-23.98390804597701
23,inferiorparietal_L,L,cortex,dk68,7,7,2226,-44.51168014375561,-69.4685534591195,30.956424079065584
24,inferiortemporal_L,L,cortex,dk68,8,8,1969,-53.23844591163027,-33.7270187912646,-25.649822244794315
25,isthmuscingulate_L,L,cortex,dk68,9,9,439,-8.363325740318913,-45.66173120728929,18.279043280182236
26,lateraloccipital_L,L,cortex,dk68,10,10,1929,-33.565837221358215,-88.65137376879213,0.07542768273717115
27,lateralorbitofrontal_L,L,cortex,dk68,11,11,1384,-25.55635838150289,30.793352601156073,-19.300578034682083
28,lingual_L,L,cortex,dk68,12,12,1249,-14.648919135308248,-69.28783026421138,-5.6865492393915105
29,medialorbitofrontal_L,L,cortex,dk68,13,13,724,-6.295580110497241,38.201657458563545,-19.79558011049724
30,middletemporal_L,L,cortex,dk68,14,14,2272,-59.31602112676056,-24.64700704225352,-15.425176056338032
31,parahippocampal_L,L,cortex,dk68,15,15,292,-25.260273972602747,-29.691780821917803,-20.664383561643838
32,paracentral_L,L,cortex,dk68,16,16,694,-8.22334293948127,-30.13112391930835,58.531700288184425
33,parsopercularis_L,L,cortex,dk68,17,17,975,-49.70205128205128,16.519487179487186,12.661025641025645
34,parsorbitalis_L,L,cortex,dk68,18,18,420,-44.423809523809524,40.06666666666666,-14.82857142857143
35,parstriangularis_L,L,cortex,dk68,19,19,728,-48.55494505494506,32.335164835164846,-0.6950549450549488
36,pericalcarine_L,L,cortex,dk68,20,20,393,-14.230279898218825,-81.0852417302799,5.39312977099236
37,postcentral_L,L,cortex,dk68,21,21,1871,-46.833511491181184,-22.2990379476216,42.458845537145905
38,posteriorcingulate_L,L,cortex,dk68,22,22,621,-6.503220611916262,-19.52737520128825,37.152173913043484
39,precentral_L,L,cortex,dk68,23,23,2421,-42.4966955803387,-8.43060718711277,42.92668318876497
40,precuneus_L,L,cortex,dk68,24,24,1875,-10.389066666666665,-59.056799999999996,37.08293333333333
41,rostralanteriorcingulate_L,L,cortex,dk68,25,25,475,-6.836842105263159,36.90210526315789,0.9863157894736787
42,rostralmiddlefrontal_L,L,cortex,dk68,26,26,3094,-34.492889463477695,46.86780866192632,15.045572074983838
43,superiorfrontal_L,L,cortex,dk68,27,27,4665,-12.601178992497324,28.17995712754555,42.20096463022509
44,superiorparietal_L,L,cortex,dk68,28,28,2486,-24.283588093322606,-65.76709573612229,49.598149637972654
45,superiortemporal_L,L,cortex,dk68,29,29,2361,-54.596569250317664,-8.72956374417619,-7.198856416772557
46,supramarginal_L,L,cortex,dk68,30,30,2055,-56.20802919708029,-37.81289537712895,33.81727493917275
47,frontalpole_L,L,cortex,dk68,31,31,141,-8.017730496453908,65.81205673758865,-12.08865248226951
48,temporalpole_L,L,cortex,dk68,32,32,375,-29.28933333333333,11.974666666666678,-38.86266666666667
49,transversetemporal_L,L,cortex,dk68,33,33,235,-47.08723404255319,-20.11702127659575,6.419148936170217
50,insula_L,L,cortex,dk68,34,34,1202,-37.91597337770383,0.004159733777044039,-1.123960066555739
51,accumbensarea_L,L,subcortex/brainstem,dk68,39,39,137,-7.273722627737229,7.87956204379563,-12.894160583941613
52,bankssts_R,R,cortex,dk68,42,42,383,52.471279373368134,-43.92558746736293,7.3276762402088735
53,caudalanteriorcingulate_R,R,cortex,dk68,43,43,323,4.088235294117652,19.77863777089783,25.636222910216716
54,caudalmiddlefrontal_R,R,cortex,dk68,44,44,1312,35.850609756097555,10.554878048780495,47.16463414634147
55,cuneus_R,R,cortex,dk68,45,45,528,6.321969696969703,-80.29545454545455,19.079545454545453
56,entorhinal_R,R,cortex,dk68,46,46,267,22.953183520599254,-5.698501872659179,-33.88576779026217
57,fusiform_R,R,cortex,dk68,47,47,1798,34.1318131256952,-41.37208008898776,-24.35205784204672
58,inferiorparietal_R,R,cortex,dk68,48,48,2289,42.53276539973788,-68.91328090869375,30.649847094801217
59,inferiortemporal_R,R,cortex,dk68,49,49,1961,50.8452320244773,-32.919173890872,-26.258286588475265
60,isthmuscingulate_R,R,cortex,dk68,50,50,448,6.25,-45.75,18.45535714285714
61,lateraloccipital_R,R,cortex,dk68,51,51,1946,30.82476875642344,-89.11767728674204,-0.10123329907501954
62,lateralorbitofrontal_R,R,cortex,dk68,52,52,1345,23.25315985130112,30.200371747211904,-19.771375464684013
63,lingual_R,R,cortex,dk68,53,53,1157,12.958945548833185,-69.0600691443388,-5.758426966292134
64,medialorbitofrontal_R,R,cortex,dk68,54,54,848,4.903301886792448,37.476415094339615,-17.408018867924525
65,middletemporal_R,R,cortex,dk68,55,55,2341,57.200982486117056,-24.191584792823576,-15.755873558308416
66,parahippocampal_R,R,cortex,dk68,56,56,334,22.92514970059881,-31.523952095808383,-18.91916167664671
67,paracentral_R,R,cortex,dk68,57,57,858,6.432400932400938,-27.10606060606061,57.51165501165502
68,parsopercularis_R,R,cortex,dk68,58,58,826,47.296610169491515,14.923728813559336,13.00121065375302
69,parsorbitalis_R,R,cortex,dk68,59,59,503,41.845924453280304,40.573558648111344,-14.408548707753482
70,parstriangularis_R,R,cortex,dk68,60,60,900,47.128888888888895,31.395555555555546,1.602222222222224
71,pericalcarine_R,R,cortex,dk68,61,61,400,10.030000000000001,-83.0,5.135000000000005
72,postcentral_R,R,cortex,dk68,62,62,1705,45.124633431085044,-22.006158357771255,43.42258064516129
73,posteriorcingulate_R,R,cortex,dk68,63,63,582,4.723367697594497,-18.335051546391753,36.95360824742268
74,precentral_R,R,cortex,dk68,64,64,2430,40.33786008230453,-8.496707818930048,42.98641975308642
75,precuneus_R,R,cortex,dk68,65,65,1857,8.663166397415182,-59.19251480883145,36.90980075390415
76,rostralanteriorcingulate_R,R,cortex,dk68,66,66,343,4.217201166180757,36.065597667638485,3.1734693877551052
77,rostralmiddlefrontal_R,R,cortex,dk68,67,67,3246,32.386013555144785,46.26586568083795,16.177141096734445
78,superiorfrontal_R,R,cortex,dk68,68,68,4412,10.737987307343602,29.18631006346328,42.26563916591115
79,superiorparietal_R,R,cortex,dk68,69,69,2434,22.731717337715693,-65.42933442892358,50.32251437962202
80,superiortemporal_R,R,cortex,dk68,70,70,2295,53.02679738562091,-8.875599128540301,-7.162309368191714
81,supramarginal_R,R,cortex,dk68,71,71,2383,53.72744439781789,-36.75094418799833,31.73835501468737
82,frontalpole_R,R,cortex,dk68,72,72,176,6.48863636363636,65.5,-13.25
83,temporalpole_R,R,cortex,dk68,73,73,378,28.341269841269835,13.187830687830683,-37.31481481481482
84,transversetemporal_R,R,cortex,dk68,74,74,222,44.725225225225216,-20.490990990990994,6.869369369369366
85,insula_R,R,cortex,dk68,75,75,1176,36.02380952380952,0.6258503401360542,-1.7925170068027256
86,accumbensarea_R,R,subcortex/brainstem,dk68,80,80,129,5.918604651162795,9.794573643410843,-10.655038759689916
87,brainstem,B,subcortex/brainstem,dk68,83,83,3869,-0.7822434737658313,-32.292194365469115,-35.213879555440684
