,OAS1_0273_gradcam.nii
TianS1_01,0.7148958567386021
TianS1_02,0.7487057946230236
TianS1_03,0.7631136935194641
TianS1_04,0.8106430196267669
TianS1_05,0.8329799792345832
TianS1_06,0.8047860562801361
TianS1_07,0.8223896552273567
TianS1_08,0.873147115488162
TianS1_09,0.7521074301954629
TianS1_10,0.7691655158996582
TianS1_11,0.7846021910152093
TianS1_12,0.8165230326084275
TianS1_13,0.8231206532050707
TianS1_14,0.8075091062170087
TianS1_15,0.8163599054753715
TianS1_16,0.8523648025490078
bankssts_L,0.652489175378912
caudalanteriorcingulate_L,0.8821827005483434
caudalmiddlefrontal_L,0.7479351824715923
cuneus_L,0.5134533478428196
entorhinal_L,0.73657595176818
fusiform_L,0.628656843989745
inferiorparietal_L,0.5403904308366647
inferiortemporal_L,0.609756495457364
isthmuscingulate_L,0.7166873900928367
lateraloccipital_L,0.4540902194178542
lateralorbitofrontal_L,0.7864346296198106
lingual_L,0.5549931328854053
medialorbitofrontal_L,0.7743886927379429
middletemporal_L,0.6304246911936453
parahippocampal_L,0.7239005777933826
paracentral_L,0.6610114581303226
parsopercularis_L,0.7629710708520351
parsorbitalis_L,0.7318332391125816
parstriangularis_L,0.7506859094559492
pericalcarine_L,0.5052260803509001
postcentral_L,0.6698640156786178
posteriorcingulate_L,0.7834500546616633
precentral_L,0.6948285385233861
precuneus_L,0.6036414396603902
rostralanteriorcingulate_L,0.8383010358559458
rostralmiddlefrontal_L,0.7475611489090368
superiorfrontal_L,0.7596414824007408
superiorparietal_L,0.5345805372116744
superiortemporal_L,0.7002958602089339
supramarginal_L,0.6547247524099048
frontalpole_L,0.6910065754931024
temporalpole_L,0.7521953587532043
transversetemporal_L,0.7481448244541249
insula_L,0.7875438917198911
accumbensarea_L,0.8009791330699503
bankssts_R,0.5847124166339247
caudalanteriorcingulate_R,0.9006535591724857
caudalmiddlefrontal_R,0.7878618386187931
cuneus_R,0.5059056706500776
entorhinal_R,0.7049658419041152
fusiform_R,0.5905843736962296
inferiorparietal_R,0.497421307340362
inferiortemporal_R,0.5529141470007237
isthmuscingulate_R,0.7053277996767845
lateraloccipital_R,0.4248814374142516
lateralorbitofrontal_R,0.7973573728121789
lingual_R,0.5393022686732465
medialorbitofrontal_R,0.783684918340647
middletemporal_R,0.568191901097589
parahippocampal_R,0.6834262216876367
paracentral_R,0.6644183362558449
parsopercularis_R,0.8144045923870354
parsorbitalis_R,0.7565747569379939
parstriangularis_R,0.8057377976841397
pericalcarine_R,0.48019737236201765
postcentral_R,0.6354574891129546
posteriorcingulate_R,0.7828894260617876
precentral_R,0.6930758789488317
precuneus_R,0.5888871327965376
rostralanteriorcingulate_R,0.863358302818443
rostralmiddlefrontal_R,0.8307621583884246
superiorfrontal_R,0.784359004628842
superiorparietal_R,0.505778325441536
superiortemporal_R,0.6554749225479325
supramarginal_R,0.6018503659345801
frontalpole_R,0.6972613951021974
temporalpole_R,0.7257912863814642
transversetemporal_R,0.7131894007996396
insula_R,0.7952727759573736
accumbensarea_R,0.8106415484302728
brainstem,0.6527473276885913
