label,value
TianS1_01,1.7221171775065331
TianS1_02,1.6310450631733768
TianS1_03,2.5903960934212042
TianS1_04,2.0700323680439356
TianS1_05,3.333308777622148
TianS1_06,2.3020199155482004
TianS1_07,3.4962818240865747
TianS1_08,3.477399742534791
TianS1_09,1.6945468185125323
TianS1_10,1.761603260959817
TianS1_11,2.59392841102664
TianS1_12,1.9926594658712542
TianS1_13,3.5722387443657873
TianS1_14,3.5583164324664107
TianS1_15,3.8351984605906577
TianS1_16,3.5370171076283152
bankssts_L,-0.3962989547289908
caudalanteriorcingulate_L,1.1199788155499846
caudalmiddlefrontal_L,-0.6588319192035849
cuneus_L,-0.24062873332318696
entorhinal_L,0.7522676623844684
fusiform_L,0.3475102499222649
inferiorparietal_L,-0.31055547354424073
inferiortemporal_L,-0.23283312124600258
isthmuscingulate_L,0.7346342593155152
lateraloccipital_L,0.02477402519754546
lateralorbitofrontal_L,0.2024186841462708
lingual_L,0.13236140607079988
medialorbitofrontal_L,0.18329259844478193
middletemporal_L,-0.3579653139069552
parahippocampal_L,0.4012739574042315
paracentral_L,-0.34420333507518425
parsopercularis_L,0.1690341731765045
parsorbitalis_L,-0.06611223510255859
parstriangularis_L,0.3851410180284222
pericalcarine_L,-0.1933658521035307
postcentral_L,-0.19006880769060097
posteriorcingulate_L,0.33570180129973687
precentral_L,0.2249050586831695
precuneus_L,-0.3125882555903246
rostralanteriorcingulate_L,1.260873084618759
rostralmiddlefrontal_L,0.5253951661349316
superiorfrontal_L,0.28684637902981064
superiorparietal_L,-0.27440647693588427
superiortemporal_L,1.128023083764434
supramarginal_L,0.020096464582164873
frontalpole_L,0.0238143075059386
temporalpole_L,-0.4473007362362308
transversetemporal_L,0.14499704330327345
insula_L,0.7749067807496299
accumbensarea_L,0.966618640416295
bankssts_R,0.35589964230369786
caudalanteriorcingulate_R,-0.41010316055925455
caudalmiddlefrontal_R,-0.1948922608248611
cuneus_R,-0.33378024573385395
entorhinal_R,0.7338300231174472
fusiform_R,0.19259628309544494
inferiorparietal_R,0.29246212348270534
inferiortemporal_R,-0.21150393793019237
isthmuscingulate_R,0.7786567746069133
lateraloccipital_R,0.10459212485586823
lateralorbitofrontal_R,0.8495817136483399
lingual_R,0.1928945650784343
medialorbitofrontal_R,-0.020528382552532455
middletemporal_R,-0.06608613969951276
parahippocampal_R,0.8637724082685538
paracentral_R,-0.028778436656735754
parsopercularis_R,1.912483642186708
parsorbitalis_R,-0.6566051980952693
parstriangularis_R,0.6250963500669847
pericalcarine_R,0.08126222142382175
postcentral_R,-0.6222053729056427
posteriorcingulate_R,0.876604420527587
precentral_R,0.46963624549397737
precuneus_R,-0.21531290088660612
rostralanteriorcingulate_R,-0.2944654978088133
rostralmiddlefrontal_R,0.02614365319254592
superiorfrontal_R,0.3480873121559404
superiorparietal_R,0.06278227943899405
superiortemporal_R,0.8726222644714245
supramarginal_R,-0.10941467923131755
frontalpole_R,0.054704752258575434
temporalpole_R,0.15683285939807773
transversetemporal_R,-0.6034164366077397
insula_R,1.6868478200357997
accumbensarea_R,1.2321748813513176
brainstem,0.4493057324675407
