subject,label,cohort_class,Age,Sex,CDR,split,volume
OAS1_0001,0,CN,74,F,0.0,val,OAS1_0001_MR1
OAS1_0003,1,AD,73,F,0.5,train,OAS1_0003_MR1
OAS1_0010,0,CN,74,M,0.0,train,OAS1_0010_MR1
OAS1_0013,0,CN,81,F,0.0,test,OAS1_0013_MR1
OAS1_0015,1,AD,76,M,0.5,train,OAS1_0015_MR1
OAS1_0016,1,AD,82,M,0.5,train,OAS1_0016_MR1
OAS1_0019,0,CN,89,F,0.0,train,OAS1_0019_MR1
OAS1_0021,1,AD,80,F,0.5,val,OAS1_0021_MR1
OAS1_0022,1,AD,69,F,0.5,train,OAS1_0022_MR1
OAS1_0023,1,AD,82,M,0.5,train,OAS1_0023_MR1
OAS1_0028,1,AD,86,F,1.0,test,OAS1_0028_MR1
OAS1_0030,0,CN,65,F,0.0,test,OAS1_0030_MR1
OAS1_0031,1,AD,88,M,1.0,test,OAS1_0031_MR1
OAS1_0032,0,CN,89,M,0.0,train,OAS1_0032_MR1
OAS1_0033,0,CN,80,F,0.0,train,OAS1_0033_MR1
OAS1_0035,1,AD,84,F,1.0,train,OAS1_0035_MR1
OAS1_0039,1,AD,70,M,0.5,val,OAS1_0039_MR1
OAS1_0041,1,AD,62,F,0.5,train,OAS1_0041_MR1
OAS1_0042,1,AD,80,M,0.5,train,OAS1_0042_MR1
OAS1_0046,1,AD,64,M,0.5,train,OAS1_0046_MR1
OAS1_0052,1,AD,78,F,1.0,train,OAS1_0052_MR1
OAS1_0053,1,AD,83,F,1.0,train,OAS1_0053_MR1
OAS1_0056,1,AD,72,F,1.0,val,OAS1_0056_MR1
OAS1_0060,1,AD,79,M,0.5,val,OAS1_0060_MR1
OAS1_0062,0,CN,73,F,0.0,val,OAS1_0062_MR1
OAS1_0064,0,CN,77,F,0.0,train,OAS1_0064_MR1
OAS1_0065,0,CN,90,M,0.0,train,OAS1_0065_MR1
OAS1_0066,1,AD,66,F,0.5,train,OAS1_0066_MR1
OAS1_0067,1,AD,71,F,1.0,train,OAS1_0067_MR1
OAS1_0068,0,CN,67,F,0.0,train,OAS1_0068_MR1
OAS1_0070,0,CN,63,F,0.0,train,OAS1_0070_MR1
OAS1_0073,1,AD,69,F,1.0,train,OAS1_0073_MR1
OAS1_0075,0,CN,83,F,0.0,train,OAS1_0075_MR1
OAS1_0082,1,AD,75,F,0.5,test,OAS1_0082_MR1
OAS1_0084,1,AD,81,F,0.5,train,OAS1_0084_MR1
OAS1_0085,0,CN,70,F,0.0,train,OAS1_0085_MR1
OAS1_0094,1,AD,66,F,0.5,train,OAS1_0094_MR1
OAS1_0098,1,AD,67,F,0.5,train,OAS1_0098_MR1
OAS1_0106,0,CN,81,F,0.0,train,OAS1_0106_MR1
OAS1_0110,0,CN,84,M,0.0,train,OAS1_0110_MR1
OAS1_0112,0,CN,69,F,0.0,train,OAS1_0112_MR1
OAS1_0113,0,CN,83,F,0.0,val,OAS1_0113_MR1
OAS1_0114,0,CN,62,M,0.0,val,OAS1_0114_MR1
OAS1_0115,1,AD,72,M,0.5,test,OAS1_0115_MR1
OAS1_0120,1,AD,70,M,0.5,test,OAS1_0120_MR1
OAS1_0122,1,AD,83,F,1.0,train,OAS1_0122_MR1
OAS1_0123,1,AD,83,F,0.5,train,OAS1_0123_MR1
OAS1_0124,1,AD,73,M,0.5,train,OAS1_0124_MR1
OAS1_0130,0,CN,68,M,0.0,train,OAS1_0130_MR1
OAS1_0133,0,CN,65,F,0.0,train,OAS1_0133_MR1
OAS1_0134,1,AD,80,M,1.0,test,OAS1_0134_MR1
OAS1_0135,0,CN,64,M,0.0,val,OAS1_0135_MR1
OAS1_0137,1,AD,87,F,1.0,val,OAS1_0137_MR1
OAS1_0138,0,CN,80,M,0.0,train,OAS1_0138_MR1
OAS1_0139,0,CN,72,F,0.0,train,OAS1_0139_MR1
OAS1_0142,1,AD,70,M,0.5,test,OAS1_0142_MR1
OAS1_0143,1,AD,66,M,0.5,train,OAS1_0143_MR1
OAS1_0146,0,CN,82,F,0.0,test,OAS1_0146_MR1
OAS1_0155,1,AD,71,M,0.5,test,OAS1_0155_MR1
OAS1_0157,0,CN,86,F,0.0,train,OAS1_0157_MR1
OAS1_0158,1,AD,81,M,0.5,test,OAS1_0158_MR1
OAS1_0161,1,AD,84,F,0.5,train,OAS1_0161_MR1
OAS1_0164,1,AD,81,F,0.5,val,OAS1_0164_MR1
OAS1_0165,0,CN,74,F,0.0,test,OAS1_0165_MR1
OAS1_0166,1,AD,80,F,0.5,test,OAS1_0166_MR1
OAS1_0169,0,CN,88,F,0.0,test,OAS1_0169_MR1
OAS1_0170,0,CN,71,M,0.0,val,OAS1_0170_MR1
OAS1_0176,0,CN,88,F,0.0,test,OAS1_0176_MR1
OAS1_0179,1,AD,87,F,0.5,train,OAS1_0179_MR1
OAS1_0180,0,CN,80,F,0.0,train,OAS1_0180_MR1
OAS1_0184,1,AD,65,F,1.0,train,OAS1_0184_MR1
OAS1_0185,1,AD,78,F,1.0,test,OAS1_0185_MR1
OAS1_0186,0,CN,84,M,0.0,train,OAS1_0186_MR1
OAS1_0195,0,CN,76,F,0.0,train,OAS1_0195_MR1
OAS1_0199,0,CN,69,M,0.0,test,OAS1_0199_MR1
OAS1_0201,0,CN,85,F,0.0,train,OAS1_0201_MR1
OAS1_0203,0,CN,71,F,0.0,train,OAS1_0203_MR1
OAS1_0205,1,AD,75,M,0.5,train,OAS1_0205_MR1
OAS1_0206,0,CN,78,F,0.0,train,OAS1_0206_MR1
OAS1_0210,1,AD,73,F,0.5,train,OAS1_0210_MR1
OAS1_0212,0,CN,74,F,0.0,val,OAS1_0212_MR1
OAS1_0216,0,CN,71,F,0.0,train,OAS1_0216_MR1
OAS1_0217,1,AD,78,F,0.5,val,OAS1_0217_MR1
OAS1_0220,0,CN,75,F,0.0,val,OAS1_0220_MR1
OAS1_0221,0,CN,94,F,0.0,test,OAS1_0221_MR1
OAS1_0223,1,AD,84,M,1.0,train,OAS1_0223_MR1
OAS1_0226,1,AD,90,M,0.5,train,OAS1_0226_MR1
OAS1_0228,0,CN,81,F,0.0,train,OAS1_0228_MR1
OAS1_0233,1,AD,77,F,0.5,train,OAS1_0233_MR1
OAS1_0234,0,CN,75,M,0.0,val,OAS1_0234_MR1
OAS1_0237,0,CN,72,F,0.0,train,OAS1_0237_MR1
OAS1_0238,1,AD,77,F,0.5,val,OAS1_0238_MR1
OAS1_0240,1,AD,74,F,0.5,train,OAS1_0240_MR1
OAS1_0241,0,CN,74,F,0.0,train,OAS1_0241_MR1
OAS1_0243,1,AD,64,M,0.5,train,OAS1_0243_MR1
OAS1_0244,0,CN,80,F,0.0,val,OAS1_0244_MR1
OAS1_0247,1,AD,90,M,0.5,val,OAS1_0247_MR1
OAS1_0254,0,CN,85,F,0.0,train,OAS1_0254_MR1
OAS1_0255,0,CN,71,F,0.0,train,OAS1_0255_MR1
OAS1_0256,0,CN,70,M,0.0,train,OAS1_0256_MR1
OAS1_0259,0,CN,78,F,0.0,train,OAS1_0259_MR1
OAS1_0260,0,CN,87,M,0.0,train,OAS1_0260_MR1
OAS1_0263,1,AD,79,M,0.5,train,OAS1_0263_MR1
OAS1_0267,1,AD,80,M,0.5,train,OAS1_0267_MR1
OAS1_0268,1,AD,78,M,1.0,val,OAS1_0268_MR1
OAS1_0269,1,AD,72,F,1.0,test,OAS1_0269_MR1
OAS1_0270,0,CN,93,F,0.0,train,OAS1_0270_MR1
OAS1_0272,1,AD,75,F,0.5,val,OAS1_0272_MR1
OAS1_0273,1,AD,89,F,0.5,test,OAS1_0273_MR1
OAS1_0278,1,AD,96,F,1.0,train,OAS1_0278_MR1
OAS1_0279,0,CN,73,F,0.0,test,OAS1_0279_MR1
OAS1_0280,0,CN,78,F,0.0,train,OAS1_0280_MR1
OAS1_0284,0,CN,91,F,0.0,train,OAS1_0284_MR1
OAS1_0286,1,AD,83,F,0.5,train,OAS1_0286_MR1
OAS1_0287,1,AD,78,F,0.5,train,OAS1_0287_MR1
OAS1_0288,1,AD,71,M,0.5,train,OAS1_0288_MR1
OAS1_0290,1,AD,83,M,0.5,train,OAS1_0290_MR1
OAS1_0291,1,AD,73,F,1.0,train,OAS1_0291_MR1
OAS1_0293,0,CN,69,F,0.0,train,OAS1_0293_MR1
OAS1_0298,1,AD,72,F,0.5,train,OAS1_0298_MR1
OAS1_0300,1,AD,68,M,0.5,val,OAS1_0300_MR1
OAS1_0303,0,CN,67,F,0.0,val,OAS1_0303_MR1
OAS1_0304,1,AD,84,M,0.5,train,OAS1_0304_MR1
OAS1_0307,1,AD,67,M,0.5,train,OAS1_0307_MR1
OAS1_0308,1,AD,78,F,2.0,train,OAS1_0308_MR1
OAS1_0312,1,AD,73,F,0.5,train,OAS1_0312_MR1
OAS1_0315,1,AD,77,M,0.5,train,OAS1_0315_MR1
OAS1_0316,1,AD,72,F,1.0,train,OAS1_0316_MR1
OAS1_0317,0,CN,86,M,0.0,train,OAS1_0317_MR1
OAS1_0326,0,CN,73,F,0.0,train,OAS1_0326_MR1
OAS1_0329,1,AD,80,F,0.5,train,OAS1_0329_MR1
OAS1_0330,0,CN,80,F,0.0,test,OAS1_0330_MR1
OAS1_0332,0,CN,72,M,0.0,train,OAS1_0332_MR1
OAS1_0335,1,AD,80,F,0.5,train,OAS1_0335_MR1
OAS1_0337,0,CN,81,M,0.0,test,OAS1_0337_MR1
OAS1_0338,0,CN,77,M,0.0,val,OAS1_0338_MR1
OAS1_0339,1,AD,79,F,0.5,train,OAS1_0339_MR1
OAS1_0341,0,CN,71,F,0.0,test,OAS1_0341_MR1
OAS1_0342,0,CN,88,F,0.0,train,OAS1_0342_MR1
OAS1_0343,0,CN,68,M,0.0,train,OAS1_0343_MR1
OAS1_0351,1,AD,86,M,2.0,test,OAS1_0351_MR1
OAS1_0352,1,AD,81,F,0.5,train,OAS1_0352_MR1
OAS1_0354,0,CN,74,M,0.0,train,OAS1_0354_MR1
OAS1_0355,0,CN,73,F,0.0,train,OAS1_0355_MR1
OAS1_0358,0,CN,65,M,0.0,train,OAS1_0358_MR1
OAS1_0362,1,AD,63,F,0.5,train,OAS1_0362_MR1
OAS1_0363,0,CN,87,M,0.0,train,OAS1_0363_MR1
OAS1_0365,0,CN,74,M,0.0,train,OAS1_0365_MR1
OAS1_0369,0,CN,73,F,0.0,train,OAS1_0369_MR1
OAS1_0371,0,CN,70,F,0.0,train,OAS1_0371_MR1
OAS1_0373,1,AD,80,F,1.0,train,OAS1_0373_MR1
OAS1_0374,1,AD,73,F,0.5,train,OAS1_0374_MR1
OAS1_0380,1,AD,83,F,0.5,train,OAS1_0380_MR1
OAS1_0382,1,AD,67,F,1.0,train,OAS1_0382_MR1
OAS1_0388,1,AD,77,F,1.0,val,OAS1_0388_MR1
OAS1_0390,1,AD,69,M,0.5,train,OAS1_0390_MR1
OAS1_0398,0,CN,71,M,0.0,train,OAS1_0398_MR1
OAS1_0399,1,AD,78,M,1.0,train,OAS1_0399_MR1
OAS1_0400,1,AD,92,F,0.5,train,OAS1_0400_MR1
OAS1_0402,1,AD,76,F,0.5,train,OAS1_0402_MR1
OAS1_0404,0,CN,73,F,0.0,train,OAS1_0404_MR1
OAS1_0405,1,AD,77,M,1.0,val,OAS1_0405_MR1
OAS1_0411,1,AD,71,F,0.5,train,OAS1_0411_MR1
OAS1_0418,1,AD,74,M,0.5,test,OAS1_0418_MR1
OAS1_0423,0,CN,75,M,0.0,train,OAS1_0423_MR1
OAS1_0424,1,AD,75,M,1.0,train,OAS1_0424_MR1
OAS1_0425,1,AD,78,F,1.0,train,OAS1_0425_MR1
OAS1_0426,0,CN,82,F,0.0,train,OAS1_0426_MR1
OAS1_0428,0,CN,84,F,0.0,train,OAS1_0428_MR1
OAS1_0430,1,AD,71,M,1.0,train,OAS1_0430_MR1
OAS1_0432,1,AD,72,F,0.5,train,OAS1_0432_MR1
OAS1_0438,0,CN,66,F,0.0,train,OAS1_0438_MR1
OAS1_0440,1,AD,86,M,0.5,train,OAS1_0440_MR1
OAS1_0441,1,AD,81,M,0.5,train,OAS1_0441_MR1
OAS1_0446,0,CN,80,F,0.0,train,OAS1_0446_MR1
OAS1_0447,1,AD,92,F,0.5,train,OAS1_0447_MR1
OAS1_0449,0,CN,71,F,0.0,train,OAS1_0449_MR1
OAS1_0451,1,AD,73,M,0.5,train,OAS1_0451_MR1
OAS1_0452,1,AD,75,M,1.0,train,OAS1_0452_MR1
OAS1_0453,1,AD,70,F,0.5,train,OAS1_0453_MR1
OAS1_0454,1,AD,73,F,0.5,val,OAS1_0454_MR1
OAS1_0457,0,CN,62,F,0.0,train,OAS1_0457_MR1
