	mean_relevance	median_relevance	sd	cv	n_subjects
TianS1_01	0.34255240010612314	0.4001610462842922	0.23241973418839393	0.6784939592202245	27
TianS1_02	0.369200883966237	0.4094327385488309	0.24993646220148164	0.67696604492512	27
TianS1_03	0.4250332695728901	0.5056214934787701	0.2724929865842085	0.6411097814955352	27
TianS1_04	0.4860198399003384	0.6056327062405749	0.304293610348651	0.6260929809183271	27
TianS1_05	0.48142492362313627	0.5922631443715562	0.30669734467995863	0.637061626082417	27
TianS1_06	0.446798191539277	0.5639835642744796	0.28478884893476075	0.637399287480611	27
TianS1_07	0.4504843666034012	0.5809253200571588	0.2881269786801175	0.6395937351889941	27
TianS1_08	0.5358818245167527	0.7100540540684228	0.33321752369980484	0.6218115794471918	27
TianS1_09	0.44455214733246895	0.53253091690333	0.28761601142504756	0.6469792422573702	27
TianS1_10	0.45917620778754453	0.5640577951564064	0.29904577326137305	0.6512658282149889	27
TianS1_11	0.4886284049583658	0.5971550986905804	0.30764875551846216	0.629617010383741	27
TianS1_12	0.5281814019731724	0.6466976165771484	0.3270064936297647	0.619117773568207	27
TianS1_13	0.5298665694973913	0.6747283918577581	0.3315743872362391	0.6257695924291966	27
TianS1_14	0.5295183870103802	0.6708060129724368	0.3283608639323612	0.6201122982456968	27
TianS1_15	0.559754558625525	0.7023132075033717	0.34483354075015427	0.6160441847885822	27
TianS1_16	0.5932444654718149	0.7680428826761811	0.36198790608355724	0.6101833681594714	27
bankssts_L	0.35462190834651514	0.4435534401969366	0.23393154815679904	0.6596646813152199	27
caudalanteriorcingulate_L	0.6307372801727931	0.8375730634092571	0.38284108533157374	0.6069739293461341	27
caudalmiddlefrontal_L	0.5613329317706622	0.7569268891716948	0.34018611539640997	0.6060327056232577	27
cuneus_L	0.21560353157573087	0.237818839225844	0.1568257228158494	0.7273801206765681	27
entorhinal_L	0.3953714600355848	0.4819921836004419	0.27870753958496064	0.7049257919625154	27
fusiform_L	0.3079503571438489	0.3455429916066685	0.2165726283610516	0.7032712362138512	27
inferiorparietal_L	0.26173615206794393	0.3097890311883894	0.17767030317057322	0.6788145304606293	27
inferiortemporal_L	0.27884764192404127	0.2742701438385681	0.20343207177014275	0.7295456055015094	27
isthmuscingulate_L	0.42689137413090805	0.5132742290616307	0.27247830808002205	0.6382848766498276	27
lateraloccipital_L	0.1534426982131938	0.1626464359180481	0.1285692497219354	0.837897477163109	27
lateralorbitofrontal_L	0.49060738528455583	0.6454242994588923	0.3213245492926403	0.6549525321684054	27
lingual_L	0.24795153986063645	0.2814886183011904	0.17463350153590398	0.7043049687614702	27
medialorbitofrontal_L	0.4431016686762558	0.5707962267635935	0.29402127181790283	0.6635526169338897	27
middletemporal_L	0.3068073826642095	0.3258169362990474	0.2167295399790858	0.7064026233563262	27
parahippocampal_L	0.40264291618111964	0.4711978524310948	0.2678665975258869	0.6652708560390846	27
paracentral_L	0.4182479840492869	0.5307364196701765	0.2616447378666121	0.6255732193458211	27
parsopercularis_L	0.5418801198204924	0.7181370606177893	0.33537958124846257	0.6189184082995388	27
parsorbitalis_L	0.45609469456463475	0.6000227444228672	0.3013245873795378	0.6606623382610649	27
parstriangularis_L	0.5114492866725009	0.693819275023518	0.32472129017343593	0.6349041804048238	27
pericalcarine_L	0.20376231579339807	0.2243560858203558	0.15143542178160088	0.7431964109357037	27
postcentral_L	0.4253762483863458	0.5441304267822645	0.2654546174029622	0.6240466373239166	27
posteriorcingulate_L	0.5216924827224831	0.6639731787445081	0.3230151295297264	0.6191676902148423	27
precentral_L	0.46856074944073084	0.6205581470690006	0.2879690537457911	0.6145821093412284	27
precuneus_L	0.3294419713173384	0.3932700703779856	0.21382627911826405	0.6490559726292242	27
rostralanteriorcingulate_L	0.5531741283348893	0.7195288640574405	0.3444397977817422	0.622660714120057	27
rostralmiddlefrontal_L	0.5564794678769632	0.7498746990155774	0.3412751981785483	0.6132754537747002	27
superiorfrontal_L	0.531386736473432	0.714182104034567	0.32204666072919197	0.6060494901819844	27
superiorparietal_L	0.2751609365819013	0.3347181341073634	0.1810379545520821	0.6579347955453567	27
superiortemporal_L	0.3978542775802034	0.4633625532701226	0.2633573064867739	0.6619441371563077	27
supramarginal_L	0.38394005203597276	0.4922096537992612	0.24618032827139763	0.6411947046575179	27
frontalpole_L	0.37842179350271166	0.5020370422102881	0.2522623541978078	0.6666168770641909	27
temporalpole_L	0.40765865344581786	0.5343244883219401	0.2955796114662595	0.7250664470576366	27
transversetemporal_L	0.4723564579225695	0.6052547974789396	0.2977018401917849	0.6302482694977474	27
insula_L	0.5290093089458411	0.6407118205867472	0.3286946592087517	0.6213400287109178	27
accumbensarea_L	0.48105511081785923	0.6022064168087757	0.3071646440577959	0.6385227745228071	27
bankssts_R	0.2590687594210521	0.2903228842947564	0.1777163055627638	0.6859812273772846	27
caudalanteriorcingulate_R	0.6112768781689545	0.8269632085927131	0.37356705471211527	0.611125773039403	27
caudalmiddlefrontal_R	0.43698077975976757	0.5809489716889291	0.2782130827334172	0.6366712121443105	27
cuneus_R	0.20200187214833787	0.1966334150991205	0.14923322980934076	0.7387715184132203	27
entorhinal_R	0.3161387125082224	0.3486613543069318	0.2323622230288905	0.7350008519530712	27
fusiform_R	0.22630117353325488	0.2281906554668114	0.17124996792744848	0.7567347762882165	27
inferiorparietal_R	0.19770300628864929	0.2026955239432459	0.14136010038877195	0.7150123968392476	27
inferiortemporal_R	0.19829616986738166	0.1973474974165091	0.15422001502778637	0.7777256370152135	27
isthmuscingulate_R	0.4005283050993014	0.4709242342838219	0.2575781971536194	0.6430961154911613	27
lateraloccipital_R	0.11079347656074195	0.0957176315874289	0.10248014773221122	0.924965538706848	27
lateralorbitofrontal_R	0.41057182906987205	0.4941299286473639	0.2769870562612312	0.6746372660022247	27
lingual_R	0.21314384505844539	0.2135701027949153	0.155085405213004	0.7276091184827721	27
medialorbitofrontal_R	0.433711829055413	0.54541940315855	0.2872425993444946	0.6622890594662456	27
middletemporal_R	0.22142910560220327	0.2434186325024611	0.16117552337702268	0.7278877044582117	27
parahippocampal_R	0.3152866930456906	0.3425159266073547	0.21952398460658237	0.6962678395525226	27
paracentral_R	0.4025550491057467	0.4951274093839672	0.25291373222329816	0.628271171322113	27
parsopercularis_R	0.4392163048233325	0.6030523338993294	0.28301944041713606	0.6443737113333622	27
parsorbitalis_R	0.36190093876436696	0.4234843921827274	0.24692393415039565	0.6822970257923741	27
parstriangularis_R	0.4184697439585939	0.574162996047073	0.27449780133153234	0.6559561480714672	27
pericalcarine_R	0.16836122053403713	0.1568936192989349	0.13214733270394538	0.784903627360135	27
postcentral_R	0.331328319796939	0.4248057377653038	0.21494483187634042	0.6487366730621564	27
posteriorcingulate_R	0.5008913898920914	0.6266606231940162	0.31146058713954217	0.6218126193118255	27
precentral_R	0.37419360024325643	0.5061324686915786	0.23929630869181726	0.6394986673643138	27
precuneus_R	0.300840803883525	0.3415683771758934	0.19795932309328565	0.6580201905388091	27
rostralanteriorcingulate_R	0.5459928537448736	0.6848655471648837	0.3415027077270392	0.6254710210669047	27
rostralmiddlefrontal_R	0.44490117396277684	0.5796392175311008	0.28755193425586884	0.6463276590048449	27
superiorfrontal_R	0.4831967014332911	0.6489413030925169	0.2979097415119491	0.6165392698838151	27
superiorparietal_R	0.22337151566640248	0.2334991856734517	0.1532022691864838	0.6858630507539109	27
superiortemporal_R	0.2989811379556041	0.3805886824536167	0.20248576153625997	0.6772526284461704	27
supramarginal_R	0.29330996291173783	0.3514317318428178	0.19532778237836737	0.6659432241554815	27
frontalpole_R	0.34991787640089383	0.4551787164739587	0.23866716324155487	0.6820662199267543	27
temporalpole_R	0.3291839989164881	0.3964276517982836	0.24235889338813668	0.7362414157002255	27
transversetemporal_R	0.3620839955078231	0.4431575830723788	0.23678453252051385	0.653949181566071	27
insula_R	0.41461555699356273	0.5409225414247334	0.26897910727518	0.6487434027453922	27
accumbensarea_R	0.4691633440761638	0.5622543639452883	0.3001164555268863	0.63968436433978	27
brainstem	0.2993069462438292	0.3260716933301635	0.2160289131114308	0.7217637807023821	27
