subject	parcel_id	region	structure	mean_relevance	voxel_count
OAS1_0013	1	TianS1_01	subcortex/brainstem	0.26677599485340037	699
OAS1_0013	2	TianS1_02	subcortex/brainstem	0.32133157908132204	380
OAS1_0013	3	TianS1_03	subcortex/brainstem	0.40809845947480017	387
OAS1_0013	4	TianS1_04	subcortex/brainstem	0.5175374230275506	868
OAS1_0013	5	TianS1_05	subcortex/brainstem	0.5210382728015676	255
OAS1_0013	6	TianS1_06	subcortex/brainstem	0.446304156924739	198
OAS1_0013	7	TianS1_07	subcortex/brainstem	0.44517830375661244	940
OAS1_0013	8	TianS1_08	subcortex/brainstem	0.6020454705446616	435
OAS1_0013	9	TianS1_09	subcortex/brainstem	0.5021608291328817	690
OAS1_0013	10	TianS1_10	subcortex/brainstem	0.523452450429337	395
OAS1_0013	11	TianS1_11	subcortex/brainstem	0.5544877786673772	446
OAS1_0013	12	TianS1_12	subcortex/brainstem	0.6134757926735853	965
OAS1_0013	13	TianS1_13	subcortex/brainstem	0.6291172720783546	281
OAS1_0013	14	TianS1_14	subcortex/brainstem	0.6348560801660171	198
OAS1_0013	15	TianS1_15	subcortex/brainstem	0.6935119534861924	919
OAS1_0013	16	TianS1_16	subcortex/brainstem	0.7339492594536114	506
OAS1_0013	17	bankssts_L	cortex	0.3666172662480543	491
OAS1_0013	18	caudalanteriorcingulate_L	cortex	0.7896193080319616	334
OAS1_0013	19	caudalmiddlefrontal_L	cortex	0.6953054510130741	1414
OAS1_0013	20	cuneus_L	cortex	0.15868169573036991	604
OAS1_0013	21	entorhinal_L	cortex	0.4188336003887451	236
OAS1_0013	22	fusiform_L	cortex	0.3056695090671038	1740
OAS1_0013	23	inferiorparietal_L	cortex	0.24295764815092408	2226
OAS1_0013	24	inferiortemporal_L	cortex	0.25617545806041764	1969
OAS1_0013	25	isthmuscingulate_L	cortex	0.462083748709368	439
OAS1_0013	26	lateraloccipital_L	cortex	0.08336340763540866	1929
OAS1_0013	27	lateralorbitofrontal_L	cortex	0.5719873128684959	1384
OAS1_0013	28	lingual_L	cortex	0.2165616098030793	1249
OAS1_0013	29	medialorbitofrontal_L	cortex	0.48224019683197716	724
OAS1_0013	30	middletemporal_L	cortex	0.28410542620555823	2272
OAS1_0013	31	parahippocampal_L	cortex	0.4329493052951277	292
OAS1_0013	32	paracentral_L	cortex	0.49493908109170215	694
OAS1_0013	33	parsopercularis_L	cortex	0.6403982356572763	975
OAS1_0013	34	parsorbitalis_L	cortex	0.5013476760614486	420
OAS1_0013	35	parstriangularis_L	cortex	0.5884752071738898	728
OAS1_0013	36	pericalcarine_L	cortex	0.14836387830708203	393
OAS1_0013	37	postcentral_L	cortex	0.4848245533948783	1871
OAS1_0013	38	posteriorcingulate_L	cortex	0.6183132132374338	621
OAS1_0013	39	precentral_L	cortex	0.5486213411491108	2421
OAS1_0013	40	precuneus_L	cortex	0.340047651664416	1875
OAS1_0013	41	rostralanteriorcingulate_L	cortex	0.6648189115524292	475
OAS1_0013	42	rostralmiddlefrontal_L	cortex	0.6785377096420885	3094
OAS1_0013	43	superiorfrontal_L	cortex	0.6402686309520582	4665
OAS1_0013	44	superiorparietal_L	cortex	0.2769202252824462	2486
OAS1_0013	45	superiortemporal_L	cortex	0.4138404974514324	2361
OAS1_0013	46	supramarginal_L	cortex	0.4138656290053161	2055
OAS1_0013	47	frontalpole_L	cortex	0.3742699604085151	141
OAS1_0013	48	temporalpole_L	cortex	0.4396967792510986	375
OAS1_0013	49	transversetemporal_L	cortex	0.5408086510414772	235
OAS1_0013	50	insula_L	cortex	0.6407118205867472	1202
OAS1_0013	51	accumbensarea_L	subcortex/brainstem	0.5418413814401974	137
OAS1_0013	52	bankssts_R	cortex	0.1862765888710246	383
OAS1_0013	53	caudalanteriorcingulate_R	cortex	0.7426973638519783	323
OAS1_0013	54	caudalmiddlefrontal_R	cortex	0.4607562657400239	1312
OAS1_0013	55	cuneus_R	cortex	0.13607326444153758	528
OAS1_0013	56	entorhinal_R	cortex	0.2393474466680141	267
OAS1_0013	57	fusiform_R	cortex	0.1301119342048521	1798
OAS1_0013	58	inferiorparietal_R	cortex	0.14115405923130733	2289
OAS1_0013	59	inferiortemporal_R	cortex	0.10678205176739593	1961
OAS1_0013	60	isthmuscingulate_R	cortex	0.40542866562360097	448
OAS1_0013	61	lateraloccipital_R	cortex	0.036760161226800495	1946
OAS1_0013	62	lateralorbitofrontal_R	cortex	0.4083585407654149	1345
OAS1_0013	63	lingual_R	cortex	0.15063866239999782	1157
OAS1_0013	64	medialorbitofrontal_R	cortex	0.45986573552747945	848
OAS1_0013	65	middletemporal_R	cortex	0.14239822776525868	2341
OAS1_0013	66	parahippocampal_R	cortex	0.228405499038939	334
OAS1_0013	67	paracentral_R	cortex	0.4574810115746407	858
OAS1_0013	68	parsopercularis_R	cortex	0.4427795679315239	826
OAS1_0013	69	parsorbitalis_R	cortex	0.3409278803980848	503
OAS1_0013	70	parstriangularis_R	cortex	0.4223444220423698	900
OAS1_0013	71	pericalcarine_R	cortex	0.09886827950656879	400
OAS1_0013	72	postcentral_R	cortex	0.32190250879333865	1705
OAS1_0013	73	posteriorcingulate_R	cortex	0.5720896988697478	582
OAS1_0013	74	precentral_R	cortex	0.38013765083418954	2430
OAS1_0013	75	precuneus_R	cortex	0.2878580172102363	1857
OAS1_0013	76	rostralanteriorcingulate_R	cortex	0.6412067495004081	343
OAS1_0013	77	rostralmiddlefrontal_R	cortex	0.46200704081552085	3246
OAS1_0013	78	superiorfrontal_R	cortex	0.5482004434410702	4412
OAS1_0013	79	superiorparietal_R	cortex	0.19579259974992205	2434
OAS1_0013	80	superiortemporal_R	cortex	0.23747026270381247	2295
OAS1_0013	81	supramarginal_R	cortex	0.2478424869462116	2383
OAS1_0013	82	frontalpole_R	cortex	0.32708136635747825	176
OAS1_0013	83	temporalpole_R	cortex	0.27396855377173296	378
OAS1_0013	84	transversetemporal_R	cortex	0.30801145866647495	222
OAS1_0013	85	insula_R	cortex	0.3883599218006442	1176
OAS1_0013	86	accumbensarea_R	subcortex/brainstem	0.5080229815586593	129
OAS1_0013	87	brainstem	subcortex/brainstem	0.24930250264548245	3869
OAS1_0028	1	TianS1_01	subcortex/brainstem	0.510048250485217	699
OAS1_0028	2	TianS1_02	subcortex/brainstem	0.5484068534091899	380
OAS1_0028	3	TianS1_03	subcortex/brainstem	0.6271039047290496	387
OAS1_0028	4	TianS1_04	subcortex/brainstem	0.7161183614747315	868
OAS1_0028	5	TianS1_05	subcortex/brainstem	0.7093864793870963	255
OAS1_0028	6	TianS1_06	subcortex/brainstem	0.6578577856222788	198
OAS1_0028	7	TianS1_07	subcortex/brainstem	0.6600308481683123	940
OAS1_0028	8	TianS1_08	subcortex/brainstem	0.7874721528469831	435
OAS1_0028	9	TianS1_09	subcortex/brainstem	0.7005559921264648	690
OAS1_0028	10	TianS1_10	subcortex/brainstem	0.7083632224722753	395
OAS1_0028	11	TianS1_11	subcortex/brainstem	0.7546422315819916	446
OAS1_0028	12	TianS1_12	subcortex/brainstem	0.7939641087166386	965
OAS1_0028	13	TianS1_13	subcortex/brainstem	0.7819283244024392	281
OAS1_0028	14	TianS1_14	subcortex/brainstem	0.7971890547660866	198
OAS1_0028	15	TianS1_15	subcortex/brainstem	0.8377950698039996	919
OAS1_0028	16	TianS1_16	subcortex/brainstem	0.8650198974628223	506
OAS1_0028	17	bankssts_L	cortex	0.6034296588353858	491
OAS1_0028	18	caudalanteriorcingulate_L	cortex	0.9055022156524087	334
OAS1_0028	19	caudalmiddlefrontal_L	cortex	0.8051509418362776	1414
OAS1_0028	20	cuneus_L	cortex	0.3724798077088318	604
OAS1_0028	21	entorhinal_L	cortex	0.6252228006467981	236
OAS1_0028	22	fusiform_L	cortex	0.509083636978577	1740
OAS1_0028	23	inferiorparietal_L	cortex	0.4527758222813019	2226
OAS1_0028	24	inferiortemporal_L	cortex	0.46984802297736983	1969
OAS1_0028	25	isthmuscingulate_L	cortex	0.6610025964456702	439
OAS1_0028	26	lateraloccipital_L	cortex	0.29082674008521675	1929
OAS1_0028	27	lateralorbitofrontal_L	cortex	0.7286300565509093	1384
OAS1_0028	28	lingual_L	cortex	0.4153846668376266	1249
OAS1_0028	29	medialorbitofrontal_L	cortex	0.644548050565285	724
OAS1_0028	30	middletemporal_L	cortex	0.519538996583769	2272
OAS1_0028	31	parahippocampal_L	cortex	0.6410600890035498	292
OAS1_0028	32	paracentral_L	cortex	0.6181255545499346	694
OAS1_0028	33	parsopercularis_L	cortex	0.8057682997141129	975
OAS1_0028	34	parsorbitalis_L	cortex	0.677168542714346	420
OAS1_0028	35	parstriangularis_L	cortex	0.7528547295829752	728
OAS1_0028	36	pericalcarine_L	cortex	0.35672753321305484	393
OAS1_0028	37	postcentral_L	cortex	0.6666331685111843	1871
OAS1_0028	38	posteriorcingulate_L	cortex	0.7719866523996067	621
OAS1_0028	39	precentral_L	cortex	0.7073770508890258	2421
OAS1_0028	40	precuneus_L	cortex	0.522216359726588	1875
OAS1_0028	41	rostralanteriorcingulate_L	cortex	0.7918480617121646	475
OAS1_0028	42	rostralmiddlefrontal_L	cortex	0.7668028603119471	3094
OAS1_0028	43	superiorfrontal_L	cortex	0.7462399377316907	4665
OAS1_0028	44	superiorparietal_L	cortex	0.4495457894410803	2486
OAS1_0028	45	superiortemporal_L	cortex	0.6489343697466319	2361
OAS1_0028	46	supramarginal_L	cortex	0.6409301739249497	2055
OAS1_0028	47	frontalpole_L	cortex	0.517660324455153	141
OAS1_0028	48	temporalpole_L	cortex	0.6462926926612854	375
OAS1_0028	49	transversetemporal_L	cortex	0.7576659902613214	235
OAS1_0028	50	insula_L	cortex	0.805050801665533	1202
OAS1_0028	51	accumbensarea_L	subcortex/brainstem	0.7187655224417248	137
OAS1_0028	52	bankssts_R	cortex	0.3678718353220439	383
OAS1_0028	53	caudalanteriorcingulate_R	cortex	0.8878285561921796	323
OAS1_0028	54	caudalmiddlefrontal_R	cortex	0.6397288820092998	1312
OAS1_0028	55	cuneus_R	cortex	0.33905820017962746	528
OAS1_0028	56	entorhinal_R	cortex	0.47688873530773634	267
OAS1_0028	57	fusiform_R	cortex	0.343259701109569	1798
OAS1_0028	58	inferiorparietal_R	cortex	0.29653561674465306	2289
OAS1_0028	59	inferiortemporal_R	cortex	0.2944457205064682	1961
OAS1_0028	60	isthmuscingulate_R	cortex	0.6029158517984408	448
OAS1_0028	61	lateraloccipital_R	cortex	0.18411782845047064	1946
OAS1_0028	62	lateralorbitofrontal_R	cortex	0.5924786061380876	1345
OAS1_0028	63	lingual_R	cortex	0.3377042979182307	1157
OAS1_0028	64	medialorbitofrontal_R	cortex	0.6271421356864695	848
OAS1_0028	65	middletemporal_R	cortex	0.3194587705215294	2341
OAS1_0028	66	parahippocampal_R	cortex	0.48062195419194453	334
OAS1_0028	67	paracentral_R	cortex	0.5868489464749267	858
OAS1_0028	68	parsopercularis_R	cortex	0.6486614347947424	826
OAS1_0028	69	parsorbitalis_R	cortex	0.5132661227203505	503
OAS1_0028	70	parstriangularis_R	cortex	0.6144432822532124	900
OAS1_0028	71	pericalcarine_R	cortex	0.28364441465586426	400
OAS1_0028	72	postcentral_R	cortex	0.47448398934081853	1705
OAS1_0028	73	posteriorcingulate_R	cortex	0.7321491103196881	582
OAS1_0028	74	precentral_R	cortex	0.5406514841587946	2430
OAS1_0028	75	precuneus_R	cortex	0.46157364915568916	1857
OAS1_0028	76	rostralanteriorcingulate_R	cortex	0.7895942664007404	343
OAS1_0028	77	rostralmiddlefrontal_R	cortex	0.6508187035297216	3246
OAS1_0028	78	superiorfrontal_R	cortex	0.6913662993451302	4412
OAS1_0028	79	superiorparietal_R	cortex	0.3438821398242145	2434
OAS1_0028	80	superiortemporal_R	cortex	0.4276686346738687	2295
OAS1_0028	81	supramarginal_R	cortex	0.4117241643003391	2383
OAS1_0028	82	frontalpole_R	cortex	0.4778148731724782	176
OAS1_0028	83	temporalpole_R	cortex	0.47160210661471835	378
OAS1_0028	84	transversetemporal_R	cortex	0.5141786900726525	222
OAS1_0028	85	insula_R	cortex	0.6036798166884046	1176
OAS1_0028	86	accumbensarea_R	subcortex/brainstem	0.6944466256356054	129
OAS1_0028	87	brainstem	subcortex/brainstem	0.47410516285655974	3869
