region	mean_relevance	voxel_count
TianS1_01	0.26677599485340037	699
TianS1_02	0.32133157908132204	380
TianS1_03	0.40809845947480017	387
TianS1_04	0.5175374230275506	868
TianS1_05	0.5210382728015676	255
TianS1_06	0.446304156924739	198
TianS1_07	0.44517830375661244	940
TianS1_08	0.6020454705446616	435
TianS1_09	0.5021608291328817	690
TianS1_10	0.523452450429337	395
TianS1_11	0.5544877786673772	446
TianS1_12	0.6134757926735853	965
TianS1_13	0.6291172720783546	281
TianS1_14	0.6348560801660171	198
TianS1_15	0.6935119534861924	919
TianS1_16	0.7339492594536114	506
bankssts_L	0.3666172662480543	491
caudalanteriorcingulate_L	0.7896193080319616	334
caudalmiddlefrontal_L	0.6953054510130741	1414
cuneus_L	0.15868169573036991	604
entorhinal_L	0.4188336003887451	236
fusiform_L	0.3056695090671038	1740
inferiorparietal_L	0.24295764815092408	2226
inferiortemporal_L	0.25617545806041764	1969
isthmuscingulate_L	0.462083748709368	439
lateraloccipital_L	0.08336340763540866	1798
lateralorbitofrontal_L	0.5719873128684959	1384
lingual_L	0.2165616098030793	1249
medialorbitofrontal_L	0.48224019683197716	724
middletemporal_L	0.28410542620555823	2272
parahippocampal_L	0.4329493052951277	292
paracentral_L	0.49493908109170215	694
parsopercularis_L	0.6403982356572763	975
parsorbitalis_L	0.5013476760614486	420
parstriangularis_L	0.5884752071738898	728
pericalcarine_L	0.14836387830708203	393
postcentral_L	0.4848245533948783	1871
posteriorcingulate_L	0.6183132132374338	621
precentral_L	0.5486213411491108	2421
precuneus_L	0.340047651664416	1875
rostralanteriorcingulate_L	0.6648189115524292	475
rostralmiddlefrontal_L	0.6785377096420885	3094
superiorfrontal_L	0.6402686309520582	4665
superiorparietal_L	0.2769202252824462	2486
superiortemporal_L	0.4138404974514324	2361
supramarginal_L	0.4138656290053161	2055
frontalpole_L	0.3742699604085151	141
temporalpole_L	0.4396967792510986	375
transversetemporal_L	0.5408086510414772	235
insula_L	0.6407118205867472	1202
accumbensarea_L	0.5418413814401974	137
bankssts_R	0.1862765888710246	383
caudalanteriorcingulate_R	0.7426973638519783	323
caudalmiddlefrontal_R	0.4607562657400239	1312
cuneus_R	0.13607326444153758	528
entorhinal_R	0.2393474466680141	267
fusiform_R	0.1301119342048521	1798
inferiorparietal_R	0.14115405923130733	2289
inferiortemporal_R	0.10678205176739593	1961
isthmuscingulate_R	0.40542866562360097	448
lateraloccipital_R	0.036760161226800495	1808
lateralorbitofrontal_R	0.4083585407654149	1345
lingual_R	0.15063866239999782	1157
medialorbitofrontal_R	0.45986573552747945	848
middletemporal_R	0.14239822776525868	2341
parahippocampal_R	0.228405499038939	334
paracentral_R	0.4574810115746407	858
parsopercularis_R	0.4427795679315239	826
parsorbitalis_R	0.3409278803980848	503
parstriangularis_R	0.4223444220423698	900
pericalcarine_R	0.09886827950656879	400
postcentral_R	0.32190250879333865	1705
posteriorcingulate_R	0.5720896988697478	582
precentral_R	0.38013765083418954	2430
precuneus_R	0.2878580172102363	1857
rostralanteriorcingulate_R	0.6412067495004081	343
rostralmiddlefrontal_R	0.46200704081552085	3246
superiorfrontal_R	0.5482004434410702	4412
superiorparietal_R	0.19579259974992205	2434
superiortemporal_R	0.23747026270381247	2295
supramarginal_R	0.2478424869462116	2383
frontalpole_R	0.32708136635747825	176
temporalpole_R	0.27396855377173296	378
transversetemporal_R	0.30801145866647495	222
insula_R	0.3883599218006442	1176
accumbensarea_R	0.5080229815586593	129
brainstem	0.24930250264548245	3869
