null_idx	null_r	observed
0	-0.16979102787867353	-0.13680834001603848
1	0.13669512712863816	-0.13680834001603848
2	-0.12188310769375914	-0.13680834001603848
3	0.0831265625737063	-0.13680834001603848
4	0.31334496910231613	-0.13680834001603848
5	-0.08801358554648804	-0.13680834001603848
6	0.14058210292938347	-0.13680834001603848
7	-0.0868437190433511	-0.13680834001603848
8	-0.1426576725317232	-0.13680834001603848
9	-0.2227746591820369	-0.13680834001603848
10	0.03248266427661682	-0.13680834001603848
11	-0.0866172932685504	-0.13680834001603848
12	-0.03552054342185952	-0.13680834001603848
13	-0.12022265201188735	-0.13680834001603848
14	-0.16882871833577057	-0.13680834001603848
15	-0.23577527241851032	-0.13680834001603848
16	0.0474267654134629	-0.13680834001603848
17	-0.06825793669512713	-0.13680834001603848
18	0.21581206660691543	-0.13680834001603848
19	-0.270909005141752	-0.13680834001603848
20	0.04884192650596726	-0.13680834001603848
21	0.16545120052832682	-0.13680834001603848
22	-0.23179395254493138	-0.13680834001603848
23	-0.12843058634841267	-0.13680834001603848
24	-0.2302278409358932	-0.13680834001603848
25	-0.26126704089815556	-0.13680834001603848
26	0.2072078871644889	-0.13680834001603848
27	-0.06037077220623614	-0.13680834001603848
28	-0.13507240907589982	-0.13680834001603848
29	-0.02823718099910373	-0.13680834001603848
30	-0.06425774800698146	-0.13680834001603848
31	-0.021255719609415538	-0.13680834001603848
32	0.10714656351714703	-0.13680834001603848
33	-0.07437143261474598	-0.13680834001603848
34	0.014689372140195292	-0.13680834001603848
35	0.2031133544035096	-0.13680834001603848
36	0.1816972498702769	-0.13680834001603848
37	0.07659795273361951	-0.13680834001603848
38	0.02542572762866173	-0.13680834001603848
39	0.35615830935421483	-0.13680834001603848
40	0.24926647483371858	-0.13680834001603848
41	0.062050096702674654	-0.13680834001603848
42	0.12790225954054438	-0.13680834001603848
43	0.04272843058634841	-0.13680834001603848
44	0.09567432426057833	-0.13680834001603848
45	-0.011745837067786216	-0.13680834001603848
46	0.14009151375064863	-0.13680834001603848
47	0.044841737817821595	-0.13680834001603848
48	-0.1526770130666541	-0.13680834001603848
49	-0.14256332845888958	-0.13680834001603848
