,OAS1_0341_gradcam.nii
TianS1_01,0.0
TianS1_02,0.0
TianS1_03,0.0
TianS1_04,0.0
TianS1_05,0.0
TianS1_06,0.0
TianS1_07,7.319773817955061e-07
TianS1_08,5.79720082279745e-05
TianS1_09,0.0
TianS1_10,0.0
TianS1_11,0.0
TianS1_12,0.0
TianS1_13,0.0
TianS1_14,0.0
TianS1_15,0.0
TianS1_16,0.0
bankssts_L,0.0
caudalanteriorcingulate_L,0.0
caudalmiddlefrontal_L,0.0
cuneus_L,0.0
entorhinal_L,0.0
fusiform_L,0.0
inferiorparietal_L,0.0
inferiortemporal_L,0.0
isthmuscingulate_L,0.0
lateraloccipital_L,0.0
lateralorbitofrontal_L,0.0
lingual_L,0.0
medialorbitofrontal_L,0.0
middletemporal_L,0.0
parahippocampal_L,0.0
paracentral_L,0.0
parsopercularis_L,0.0
parsorbitalis_L,0.0
parstriangularis_L,0.0
pericalcarine_L,0.0
postcentral_L,0.0
posteriorcingulate_L,0.0
precentral_L,0.0
precuneus_L,0.0
rostralanteriorcingulate_L,0.0
rostralmiddlefrontal_L,0.0
superiorfrontal_L,0.0
superiorparietal_L,0.0
superiortemporal_L,0.0
supramarginal_L,0.0
frontalpole_L,0.0
temporalpole_L,0.0
transversetemporal_L,0.0
insula_L,0.0
accumbensarea_L,0.0
bankssts_R,0.0
caudalanteriorcingulate_R,0.001665931870603477
caudalmiddlefrontal_R,0.10812589462289995
cuneus_R,0.0
entorhinal_R,0.0
fusiform_R,0.0
inferiorparietal_R,0.0
inferiortemporal_R,0.0
isthmuscingulate_R,0.0
lateraloccipital_R,0.0
lateralorbitofrontal_R,1.1042143360168074e-05
lingual_R,0.0
medialorbitofrontal_R,0.0
middletemporal_R,0.0
parahippocampal_R,0.0
paracentral_R,0.0
parsopercularis_R,0.01832721210319871
parsorbitalis_R,0.0
parstriangularis_R,0.00931702687120479
pericalcarine_R,0.0
postcentral_R,0.0
posteriorcingulate_R,0.0
precentral_R,0.01817042579909848
precuneus_R,0.0
rostralanteriorcingulate_R,0.00015832633738040804
rostralmiddlefrontal_R,0.048808518695927894
superiorfrontal_R,0.019415276880961653
superiorparietal_R,0.0
superiortemporal_R,0.0
supramarginal_R,0.0
frontalpole_R,0.0
temporalpole_R,0.0
transversetemporal_R,0.0
insula_R,8.503588129179062e-05
accumbensarea_R,0.0
brainstem,0.0
