,M_CNN,sd,iqr,n_subjects
TianS1_01,0.44752651994091286,0.31322485311071635,0.5801375029616602,8
TianS1_02,0.4793366692243389,0.36992917862746116,0.6709937959811405,8
TianS1_03,0.39754589212617963,0.32606331569877545,0.4960212366612151,8
TianS1_04,0.39254043074238887,0.3255149338610704,0.5163044117408278,8
TianS1_05,0.4724588617682457,0.32418070808629124,0.445034796372056,8
TianS1_06,0.48623985881832515,0.3509123514052166,0.6053677646236287,8
TianS1_07,0.4730087803240786,0.3282937030474646,0.5550985335342665,8
TianS1_08,0.4229498539119959,0.2911334272614399,0.5538455957782338,8
TianS1_09,0.6883598041612708,0.24351491929009342,0.3430579960427207,8
TianS1_10,0.7289928080537651,0.2413050725348106,0.4135038635398768,8
TianS1_11,0.5178351032134195,0.33482747657821427,0.34616705775260925,8
TianS1_12,0.4755114432303669,0.349839041565342,0.4078229490571072,8
TianS1_13,0.8278712963692022,0.21966765220894752,0.2978169322013855,8
TianS1_14,0.5581211482358136,0.2938157730581924,0.3408181507591948,8
TianS1_15,0.640703498673148,0.21462046117081637,0.2455995937756651,8
TianS1_16,0.6172591621220008,0.2993101922266789,0.31405721533594466,8
bankssts_L,0.38296407922263526,0.20621067871106882,0.20549267370352436,8
caudalanteriorcingulate_L,0.4939953115989013,0.3489300734293741,0.31820280757637887,8
caudalmiddlefrontal_L,0.06417729629232896,0.1015453192586509,0.0347064349682945,8
cuneus_L,0.12152444560463163,0.0772256444738618,0.11153766099789136,8
entorhinal_L,0.7480033195056652,0.19801861883574523,0.31421950333199256,8
fusiform_L,0.6071112386589929,0.1868597791293987,0.28369072428409375,8
inferiorparietal_L,0.15336498507965435,0.100284819344194,0.11480553065588145,8
inferiortemporal_L,0.663192849133342,0.20738056812849434,0.3558775390593649,8
isthmuscingulate_L,0.2555231641066326,0.10023550945093535,0.09734836644185432,8
lateraloccipital_L,0.13677771518926848,0.08296626789566217,0.11617408691541821,8
lateralorbitofrontal_L,0.8865262428836929,0.1774234440291499,0.16708412766456604,8
lingual_L,0.27927817954982687,0.05802429359278209,0.022562114795702692,8
medialorbitofrontal_L,0.8883186993111974,0.1784187389313182,0.16708412766456604,8
middletemporal_L,0.5633115288948095,0.13369103531255513,0.15868472094437713,8
parahippocampal_L,0.7210475727915764,0.25968737207358167,0.4549986720085144,8
paracentral_L,0.10395315402450714,0.06608184561433933,0.09004040107992206,8
parsopercularis_L,0.363549857064395,0.27320994349737937,0.1464899949949736,8
parsorbitalis_L,0.889229759214712,0.17897755569894103,0.16708412766456604,8
parstriangularis_L,0.7210862213484819,0.26968751983199013,0.25859725030030656,8
pericalcarine_L,0.11704758485618022,0.06951506418459368,0.04574129109936781,8
postcentral_L,0.1510280836641026,0.09378881347928822,0.15412632618526148,8
posteriorcingulate_L,0.26935600968761647,0.14360667091859117,0.20587666381762368,8
precentral_L,0.12689108671126437,0.08003926504557095,0.0918874286912141,8
precuneus_L,0.1445303796639019,0.09204569257737483,0.10049130058532149,8
rostralanteriorcingulate_L,0.8006236287716189,0.27344403040694804,0.2978169322013855,8
rostralmiddlefrontal_L,0.48851406605383196,0.18505315725206567,0.21150386076762107,8
superiorfrontal_L,0.25975060024425556,0.1510593645858958,0.21226038608004633,8
superiorparietal_L,0.11684371231903042,0.06963541043607872,0.09792511737073624,8
superiortemporal_L,0.6207599687593306,0.10503292944211935,0.15454734017311456,8
supramarginal_L,0.2101716417422323,0.1552441674304318,0.21622905641386497,8
frontalpole_L,0.44366041639099785,0.10624026397887057,0.10035298960217343,8
temporalpole_L,0.8884271810253461,0.17497971402481988,0.1591679014762244,8
transversetemporal_L,0.5034955651093116,0.30138384499078474,0.3302635382048469,8
insula_L,0.678446263590221,0.16249323387595496,0.16932415218090946,8
accumbensarea_L,0.8683070112427655,0.16325325649129815,0.15604743285335765,8
bankssts_R,0.17128892417136318,0.12126986278563755,0.19010018819442148,8
caudalanteriorcingulate_R,0.31138831104841025,0.23049147526194302,0.354095598705828,8
caudalmiddlefrontal_R,0.135709322462891,0.2096506965817518,0.025030475978065618,8
cuneus_R,0.14631790299211966,0.14905955594423945,0.18611176893517206,8
entorhinal_R,0.47862076974902934,0.3577257459547595,0.620183457554168,8
fusiform_R,0.4419408725529679,0.19775077799999585,0.13458821033031776,8
inferiorparietal_R,0.144697998539602,0.14652115114493558,0.15665677460435373,8
inferiortemporal_R,0.29919164098970435,0.18221977870048067,0.19915374116007994,8
isthmuscingulate_R,0.17923909779502928,0.15289800399695969,0.18554114911655364,8
lateraloccipital_R,0.26388273721721034,0.17719097625622823,0.21639928668150182,8
lateralorbitofrontal_R,0.4724588617682457,0.32418070808629124,0.445034796372056,8
lingual_R,0.3125084830343791,0.16346744173340194,0.11540192433583804,8
medialorbitofrontal_R,0.47219832490400393,0.3243271240468383,0.44659801755750655,8
middletemporal_R,0.2215009937344325,0.11839135624077879,0.20553134465733341,8
parahippocampal_R,0.5276336423285211,0.3284787319557464,0.4959728314128599,8
paracentral_R,0.12034035830020595,0.14448825633151566,0.10645857927894725,8
parsopercularis_R,0.2928720158888433,0.2799298667826784,0.2982160625257698,8
parsorbitalis_R,0.4724588617682457,0.32418070808629124,0.445034796372056,8
parstriangularis_R,0.41483057452417493,0.314762799979617,0.42437948821578175,8
pericalcarine_R,0.15313342303503305,0.14966673636286834,0.19332378325983882,8
postcentral_R,0.12299230962346601,0.12692845906295214,0.10018987295653646,8
posteriorcingulate_R,0.22082596748732863,0.1771543859426583,0.28508214500438284,8
precentral_R,0.14559144205189814,0.1589835994081447,0.03871517633481164,8
precuneus_R,0.13796550627148396,0.14741903437499956,0.13343600214117465,8
rostralanteriorcingulate_R,0.44830413154019555,0.3442579186381946,0.5899631777403567,8
rostralmiddlefrontal_R,0.3427905820383375,0.27142374383862217,0.3829458710891456,8
superiorfrontal_R,0.209433204958189,0.18966093389841165,0.16483016715525983,8
superiorparietal_R,0.13177346713119523,0.146920800245249,0.15446334109412418,8
superiortemporal_R,0.3085002552391251,0.14716223047275553,0.2545535416447828,8
supramarginal_R,0.14849781415837457,0.13483741281055164,0.18342480011107704,8
frontalpole_R,0.29775834805993573,0.1478772395670016,0.2533478519762866,8
temporalpole_R,0.4724588617682457,0.32418070808629124,0.445034796372056,8
transversetemporal_R,0.2240671501494944,0.20783184278781217,0.24257044145535372,8
insula_R,0.4460203479453771,0.28112543461525297,0.4946075564992398,8
accumbensarea_R,0.4700421580987037,0.3235310923609061,0.45553076735069586,8
brainstem,0.6648590283917417,0.28258043500686436,0.385767333912881,8
