,OAS1_0166_gradcam.nii
TianS1_01,0.6872629241029251
TianS1_02,0.7162698295555616
TianS1_03,0.6641118740542606
TianS1_04,0.6681144732621408
TianS1_05,0.7120977600415548
TianS1_06,0.6665940519535181
TianS1_07,0.6312525783447509
TianS1_08,0.6544534621567561
TianS1_09,0.8701951870019885
TianS1_10,0.90302329727366
TianS1_11,0.7729357661420454
TianS1_12,0.7433277714437772
TianS1_13,0.8230777603451468
TianS1_14,0.8323669821927042
TianS1_15,0.8540214831992513
TianS1_16,0.7783582812477007
bankssts_L,0.5881101171620752
caudalanteriorcingulate_L,0.67050843859861
caudalmiddlefrontal_L,0.5600863924247372
cuneus_L,0.34451468695966614
entorhinal_L,0.9466044377472441
fusiform_L,0.720985537339216
inferiorparietal_L,0.35523119655848623
inferiortemporal_L,0.6945207475435317
isthmuscingulate_L,0.5847761696862197
lateraloccipital_L,0.3029180159243248
lateralorbitofrontal_L,0.8665691090887682
lingual_L,0.48249894238596824
medialorbitofrontal_L,0.7442265195741179
middletemporal_L,0.6747122877211847
parahippocampal_L,0.8710891847332863
paracentral_L,0.4118114658752161
parsopercularis_L,0.7444939050307641
parsorbitalis_L,0.7888341580118452
parstriangularis_L,0.7807931438252166
pericalcarine_L,0.3629709361997876
postcentral_L,0.5206202267963321
posteriorcingulate_L,0.5704184198053178
precentral_L,0.5358106145455984
precuneus_L,0.41116720515092214
rostralanteriorcingulate_L,0.7257315748616269
rostralmiddlefrontal_L,0.641013380917874
superiorfrontal_L,0.4736047052429931
superiorparietal_L,0.3229682243767038
superiortemporal_L,0.7417328495663236
supramarginal_L,0.5136977027512525
frontalpole_L,0.5147632197708103
temporalpole_L,0.9648608387311299
transversetemporal_L,0.7370936340474068
insula_L,0.8382054750812232
accumbensarea_L,0.8164628470031015
bankssts_R,0.3915965417035255
caudalanteriorcingulate_R,0.6320216006169748
caudalmiddlefrontal_R,0.3306172744643579
cuneus_R,0.3399793021945339
entorhinal_R,0.7687905404005158
fusiform_R,0.5783132301587549
inferiorparietal_R,0.29011140883541775
inferiortemporal_R,0.4919111906175161
isthmuscingulate_R,0.5454046905173787
lateraloccipital_R,0.29221937108982715
lateralorbitofrontal_R,0.6588756070925844
lingual_R,0.44358944011950346
medialorbitofrontal_R,0.6909799259155989
middletemporal_R,0.43098600943951154
parahippocampal_R,0.7051327371311759
paracentral_R,0.37740375992509867
parsopercularis_R,0.4538082365334467
parsorbitalis_R,0.4859277981057556
parstriangularis_R,0.4643355238106516
pericalcarine_R,0.3418099078536034
postcentral_R,0.31211906551790375
posteriorcingulate_R,0.5319176924597356
precentral_R,0.3310085427062011
precuneus_R,0.38124505868989034
rostralanteriorcingulate_R,0.6791595854842628
rostralmiddlefrontal_R,0.407257719579407
superiorfrontal_R,0.39346414524133055
superiorparietal_R,0.264558202214386
superiortemporal_R,0.465637423958394
supramarginal_R,0.3204887449816401
frontalpole_R,0.46460680426521733
temporalpole_R,0.7330807687113525
transversetemporal_R,0.4912134917738201
insula_R,0.5795356146991253
accumbensarea_R,0.7534248297528703
brainstem,0.7927982108819143
