subject_id,diagnosis,AD_predictions_of_5,CN_predictions_of_5
OAS1_0013,CN,5,0
OAS1_0028,AD,5,0
OAS1_0030,CN,0,5
OAS1_0031,AD,5,0
OAS1_0082,AD,0,5
OAS1_0115,AD,5,0
OAS1_0120,AD,4,1
OAS1_0134,AD,5,0
OAS1_0142,AD,0,5
OAS1_0146,CN,0,5
OAS1_0155,AD,3,2
OAS1_0158,AD,5,0
OAS1_0165,CN,0,5
OAS1_0166,AD,4,1
OAS1_0169,CN,4,1
OAS1_0176,CN,0,5
OAS1_0185,AD,5,0
OAS1_0199,CN,1,4
OAS1_0221,CN,4,1
OAS1_0269,AD,5,0
OAS1_0273,AD,4,1
OAS1_0279,CN,0,5
OAS1_0330,CN,3,2
OAS1_0337,CN,5,0
OAS1_0341,CN,3,2
OAS1_0351,AD,5,0
OAS1_0418,AD,3,2
