subject_id,diagnosis,FP_count,FN_count,mean_probability,probability_sd
OAS1_0013,CN,5,0,0.815053129196167,0.2515111888297673
OAS1_0337,CN,5,0,0.8428087532520294,0.31068159602660844
OAS1_0169,CN,4,0,0.849718451499939,0.20245672842564197
OAS1_0221,CN,4,0,0.8657251477241517,0.14843277576474337
OAS1_0330,CN,3,0,0.7075767323374749,0.3585080806881877
OAS1_0341,CN,3,0,0.6476822137832642,0.31090924886194105
OAS1_0199,CN,1,0,0.43742361981421707,0.3569810530440448
OAS1_0082,AD,0,5,0.42721802964806554,0.40758014620768057
OAS1_0142,AD,0,5,0.5036380298435688,0.4186412074055153
OAS1_0155,AD,0,2,0.801634919643402,0.1800284677898231
OAS1_0418,AD,0,2,0.7577433466911316,0.2695460544535137
OAS1_0120,AD,0,1,0.7104959964752198,0.31662475671845314
OAS1_0166,AD,0,1,0.887574028968811,0.12115011394589045
OAS1_0273,AD,0,1,0.8967480063438416,0.17692160329711076
OAS1_0028,AD,0,0,0.8566561937332153,0.22425381164605865
OAS1_0030,CN,0,0,0.4875330188311636,0.44750867212565837
OAS1_0031,AD,0,0,0.9893339395523071,0.011022008935383035
OAS1_0115,AD,0,0,0.9595878720283508,0.051742622136855675
OAS1_0134,AD,0,0,0.9974608302116394,0.002276914954976206
OAS1_0146,CN,0,0,0.3616851519793272,0.43406471137766084
OAS1_0158,AD,0,0,0.979166579246521,0.026843605059839327
OAS1_0165,CN,0,0,0.2914562518708408,0.3990598312439354
OAS1_0176,CN,0,0,0.563757762685418,0.47187078729457826
OAS1_0185,AD,0,0,0.9547121047973632,0.04982606353330628
OAS1_0269,AD,0,0,0.971221137046814,0.03401917717719438
OAS1_0279,CN,0,0,0.46217425875365736,0.42160148593878566
OAS1_0351,AD,0,0,0.9842618823051452,0.015076489137469914
