,seed1,seed2,seed3,seed4,seed42,mean,sd
TianS1_01,0.4054882160236389,0.3600717942739515,0.2886415562244095,0.5028279868630428,0.3425524001061231,0.37991639069823313,0.07194741125389864
TianS1_02,0.3942727222675585,0.4623582701091644,0.3281550490178664,0.5276919406497326,0.369200883966237,0.4163357732021118,0.07071433004371754
TianS1_03,0.4263109293154797,0.4201501614711583,0.3743092021516089,0.5436902281825039,0.4250332695728901,0.4378987581387282,0.056303246835692815
TianS1_04,0.4217452165130402,0.5181006484152025,0.4125816226287122,0.5823778779459732,0.4860198399003384,0.48416504108065334,0.06296228608504849
TianS1_05,0.3827220355687405,0.6220191330215425,0.394031029361354,0.6000004480348747,0.4814249236231362,0.4960395139219297,0.10013881197856497
TianS1_06,0.388894249955133,0.4889053837847406,0.3375883205841205,0.5748760092780874,0.446798191539277,0.44741243102827166,0.08179818940515131
TianS1_07,0.3638428976828302,0.4625246061336533,0.29012486896631,0.586223370475235,0.4504843666034012,0.43064002197228596,0.09982281010871787
TianS1_08,0.3785546633098139,0.6020027156457742,0.3648765771337552,0.6323819252407427,0.5358818245167527,0.5027395411693677,0.11152292790453329
TianS1_09,0.5209549649790033,0.7490319000046163,0.6888205372293622,0.5585459002081693,0.4445521473324689,0.592381089950724,0.11130134855514714
TianS1_10,0.4959751931451824,0.796886286185596,0.6603474330642569,0.5704223315712014,0.4591762077875445,0.5965614903507561,0.1215518366675918
TianS1_11,0.5046774429293729,0.6617555273611706,0.6212945607256883,0.5705970761605259,0.4886284049583658,0.5693906024270247,0.06623757449690414
TianS1_12,0.4737140693818509,0.669871394832357,0.5633657867339616,0.5928095690043941,0.5281814019731724,0.5655884443851472,0.06551496194122952
TianS1_13,0.4420214597073423,0.7899256448068842,0.5531097169672987,0.6043818423579,0.5298665694973913,0.5838610466673633,0.11564016424611742
TianS1_14,0.4894986569468912,0.7864106893093454,0.6302735700668873,0.5934877075343372,0.5295183870103802,0.6058378021735682,0.10267974386568089
TianS1_15,0.497606786305674,0.850147480671694,0.6671784211032933,0.6036713124943575,0.559754558625525,0.6356717118401087,0.12069953729639363
TianS1_16,0.4518872808767017,0.7947511613334084,0.5487398895650883,0.6253200099857907,0.5932444654718149,0.6027885614465608,0.11237513168521181
bankssts_L,0.3856651694607643,0.6309334530278803,0.6166767955401434,0.5664950052681323,0.3546219083465151,0.510878466328687,0.1172980539683864
caudalanteriorcingulate_L,0.3987544270929908,0.7618914016680063,0.4442305055758948,0.6517846747919962,0.6307372801727931,0.5774796578603363,0.13569329079003092
caudalmiddlefrontal_L,0.3515576136185984,0.7800815391424372,0.5042959847629488,0.595744490349899,0.5613329317706622,0.5586025119289091,0.13874921985953095
cuneus_L,0.2428335802104222,0.2971272367288705,0.3657343645785361,0.4310115459750213,0.2156035315757309,0.31046205181371617,0.07916662861004432
entorhinal_L,0.497673830018297,0.778640669094117,0.6644087778870601,0.5490645310154889,0.3953714600355848,0.5770318536101096,0.1329369828242886
fusiform_L,0.4185552335363409,0.617340775025099,0.6101911224180624,0.5038135057202259,0.3079503571438489,0.4915701987687154,0.11754700449660284
inferiorparietal_L,0.2613630579281956,0.4356117594297533,0.4871537424634909,0.4952253332920466,0.2617361520679439,0.388218009036286,0.10542756103819427
inferiortemporal_L,0.3846441433017983,0.6326471577692908,0.6063713690383841,0.5230557372342903,0.2788476419240413,0.485113209853561,0.1345726273709482
isthmuscingulate_L,0.408808982329289,0.5046307263490591,0.5167177026719868,0.536241224099628,0.426891374130908,0.47865800191617425,0.05098552736340963
lateraloccipital_L,0.2006887560389453,0.3251008915526951,0.397385587890498,0.4254567789346011,0.1534426982131938,0.30041494252598666,0.10695262115888997
lateralorbitofrontal_L,0.4187962451022866,0.8887030654926802,0.6162439268982178,0.5938229490299235,0.4906073852845559,0.6016347143615328,0.16027455483184194
lingual_L,0.3099983316506698,0.3967969128335369,0.4436981599609529,0.449781862599122,0.2479515398606364,0.36964536138098364,0.07875282458828498
medialorbitofrontal_L,0.3581367902144843,0.7757288854723942,0.5062626186493289,0.5722559491318314,0.4431016686762558,0.5310971824288588,0.14128975722545817
middletemporal_L,0.3722343386869186,0.6677482397653586,0.5952790924775462,0.557049639544846,0.3068073826642095,0.4998237386277758,0.13720024420049945
parahippocampal_L,0.5242741997436423,0.6974725206980302,0.6666062488027309,0.5378368638709803,0.4026429161811196,0.5657665498593006,0.10642002629155274
paracentral_L,0.2937758935958167,0.455729535806394,0.4229860299945113,0.5251487164360229,0.4182479840492869,0.42317763197640634,0.0751357126069227
parsopercularis_L,0.4229420892432675,0.8735407987460564,0.5660208356566313,0.6255467377146238,0.5418801198204924,0.6059861162362143,0.14911743311337947
parsorbitalis_L,0.3759014184892217,0.894462642462586,0.5719533909869775,0.5978163390675791,0.4560946945646347,0.5792456971141998,0.1767907430746627
parstriangularis_L,0.3988023294004161,0.8992779106781111,0.5491762959159971,0.6172284974950009,0.5114492866725009,0.5951868640324053,0.16772181607584855
pericalcarine_L,0.2456338027405142,0.3216213715551385,0.3869779702962702,0.4289440220462716,0.203762315793398,0.3173878964863185,0.08410100164809682
postcentral_L,0.3421964223176588,0.634709824783883,0.5364925726232026,0.580283368956398,0.4253762483863458,0.5038116874134977,0.10613377663166923
posteriorcingulate_L,0.3949219573707075,0.5783788335926241,0.4929360546036905,0.5834541455973641,0.5216924827224831,0.5142766947773738,0.0687758301700903
precentral_L,0.3434144745028317,0.6818520110900368,0.5171763129487824,0.5839021127132559,0.4685607494407308,0.5189811321391276,0.11323495976622329
precuneus_L,0.2982627982835711,0.3960317052340802,0.4317059311110181,0.4866127460164868,0.3294419713173384,0.3884110303924989,0.06808840392509877
rostralanteriorcingulate_L,0.3764943842722382,0.8103627795317947,0.4655539978421823,0.6182555444773014,0.5531741283348893,0.5647681668916811,0.14737876618489265
rostralmiddlefrontal_L,0.3536136781246476,0.9018160803264256,0.4790618675985907,0.5808465916667102,0.5564794678769632,0.5743635371186675,0.18187905126283083
superiorfrontal_L,0.2945623019449589,0.7156918569447517,0.3889385986309084,0.5792248421427751,0.531386736473432,0.5019608672273652,0.14717658621267138
superiorparietal_L,0.2390203177637635,0.3766860852963667,0.4137174932728123,0.4717285804884231,0.2751609365819014,0.3552626826806534,0.08645092196467347
superiortemporal_L,0.4131273091259442,0.7633712764523823,0.6188055594701686,0.595002470114648,0.3978542775802035,0.5576321785486693,0.13702403625356716
supramarginal_L,0.3520662562824793,0.6165972208245182,0.580345094697499,0.5849590601393237,0.3839400520359727,0.5035815367959586,0.11185567045822806
frontalpole_L,0.2533732341606848,0.7595042092830828,0.4279595298061059,0.5258559342390569,0.3784217935027116,0.46902294019832835,0.16971088596224215
temporalpole_L,0.463487125392476,0.8516736185109173,0.68849290848367,0.5680429586060457,0.4076586534458178,0.5958710528877854,0.15983590028997932
transversetemporal_L,0.4680569520890947,0.7719341597940342,0.6756297562916089,0.6015128362057856,0.4723564579225695,0.5978980324606186,0.11744211714934584
insula_L,0.482514708987446,0.8577932313037768,0.6735893815086542,0.6046625104761938,0.5290093089458411,0.6295138282443824,0.1314394367861233
accumbensarea_L,0.4384632060824455,0.7287047279142114,0.5321470307290481,0.584799967047807,0.4810551108178592,0.5530340085182743,0.10061110684264458
bankssts_R,0.2612415741615378,0.153779808988712,0.1777062791026375,0.4165022646592216,0.2590687594210522,0.25365973726663216,0.09203190574887206
caudalanteriorcingulate_R,0.3748614250253475,0.7001861905391414,0.3853550491695739,0.6627033305480222,0.6112768781689545,0.5468765746902079,0.13910103500203375
caudalmiddlefrontal_R,0.2333530975912096,0.4049687211522908,0.2091618867403309,0.5850021380972783,0.4369807797597675,0.37389332466817543,0.13885290089345834
cuneus_R,0.2313056203786521,0.2266023318830973,0.3022338008035043,0.41251718006346,0.2020018721483378,0.2749321610554103,0.07646292103718633
entorhinal_R,0.409092743784252,0.4622728073273672,0.3429589390237302,0.4930541309090004,0.3161387125082224,0.40470346671051444,0.06752101448109225
fusiform_R,0.3358770565759341,0.2506417235240146,0.2458639888401667,0.4236399206040622,0.2263011735332548,0.2964647726154864,0.07390530180681672
inferiorparietal_R,0.1977075846963904,0.1135462869980483,0.1890996204049486,0.3794179964073284,0.1977030062886493,0.21549489895907298,0.08785664696678896
inferiortemporal_R,0.2850265767801226,0.2148510064028216,0.2098725898044705,0.390712017875637,0.1982961698673816,0.25975167214608663,0.07220831580589734
isthmuscingulate_R,0.3770978811687283,0.3978430915256795,0.411872677496583,0.5204109300348858,0.4005283050993014,0.4215505770650356,0.05068935606422728
lateraloccipital_R,0.1797950633133253,0.1023731770597908,0.2088937498038263,0.3428317738440717,0.1107934765607419,0.1889374481163512,0.08690817450867944
lateralorbitofrontal_R,0.3241348698896901,0.5894731948440698,0.3533308164382472,0.5666096641333821,0.410571829069872,0.4488240748750522,0.10934826431259996
lingual_R,0.2784810277229391,0.2457777792442687,0.3023502022912619,0.4190983954049717,0.2131438450584454,0.2917702499443774,0.07042501594140287
medialorbitofrontal_R,0.3382977529847945,0.7065602091982555,0.4416054140186866,0.5711731426582999,0.433711829055413,0.4982696695830898,0.12780409384053523
middletemporal_R,0.2543109129532275,0.2140476426562256,0.1947223355633373,0.3996627102970938,0.2214291056022032,0.25683454141441747,0.07395734477801647
parahippocampal_R,0.423390795702904,0.3481588580852788,0.3069384050314717,0.4831029699436031,0.3152866930456906,0.3753755443617896,0.06774322503086955
paracentral_R,0.2734413843797003,0.3839267859484498,0.3516686614749015,0.5147541655873651,0.4025550491057467,0.3852692092992327,0.07835995852926099
parsopercularis_R,0.2681262097331995,0.4100348032972875,0.1954826725767097,0.5934451422693156,0.4392163048233325,0.3812610265399689,0.1389402224360003
parsorbitalis_R,0.2464848881193489,0.4920499181020645,0.2695507507759602,0.5395412159245984,0.3619009387643669,0.3819055423372678,0.11691306688274936
parstriangularis_R,0.251889366433919,0.4679724969540114,0.2220872614118351,0.5861532690488501,0.4184697439585939,0.38931442756144186,0.13611261983902959
pericalcarine_R,0.2201633015564961,0.2006105490242717,0.2847217735870207,0.3920728165117368,0.1683612205340372,0.2531859322427125,0.07916308822388722
postcentral_R,0.2259507078135181,0.2274817587245561,0.2060510287633596,0.4698956469822309,0.331328319796939,0.29214149241612075,0.09910178198701194
posteriorcingulate_R,0.3673825475747737,0.5008181311466076,0.4144899322573793,0.5780888133550308,0.5008913898920914,0.4723341628451766,0.07371796840856143
precentral_R,0.232768577439521,0.3027079091922205,0.2148021746656039,0.5154123791762955,0.3741936002432564,0.3279769281433794,0.10934322774745439
precuneus_R,0.2706524216899644,0.286265081709353,0.3330995426921275,0.4610543955670421,0.300840803883525,0.3303824491084024,0.06851170304853749
rostralanteriorcingulate_R,0.3556483348563229,0.7451299678016566,0.4044726682577998,0.6320013879299738,0.5459928537448736,0.5366490425181254,0.14344024740465128
rostralmiddlefrontal_R,0.236781508111651,0.5508125329927058,0.2341902068566856,0.6098050496751365,0.4449011739627768,0.41529809431979114,0.1560395459795674
superiorfrontal_R,0.2555955203362825,0.5930701061413516,0.2975902337189827,0.5880802184009611,0.4831967014332911,0.44350655600617384,0.14244173367918272
superiorparietal_R,0.1943103352284589,0.1702022051092253,0.2487627925679972,0.4044892045266752,0.2233715156664024,0.24822721061975178,0.08249949587274155
superiortemporal_R,0.2740408207606741,0.2809534647169621,0.2066388291421487,0.4610858013834788,0.2989811379556041,0.30434001079177353,0.08439010929709227
supramarginal_R,0.2312478543798331,0.1593675427281599,0.1779290601693234,0.434165622427918,0.2933099629117378,0.2592040085233944,0.09912544189233544
frontalpole_R,0.2317276351071145,0.6754585687284317,0.3775820468687592,0.5184841762925575,0.3499178764008938,0.4306340606795513,0.15267617185565327
temporalpole_R,0.3607343864179327,0.5023801451614273,0.347886226238069,0.5021137417487753,0.3291839989164881,0.4084596996965385,0.077231622561718
transversetemporal_R,0.315162972724553,0.2583837339453819,0.20250849967256,0.5036678896807024,0.3620839955078231,0.32836141830620413,0.10274201041616643
insula_R,0.3332583004926172,0.4011296386612049,0.2431389829229047,0.5642702051963482,0.4146155569935627,0.3912825368533276,0.10571608507508581
accumbensarea_R,0.4052973095174668,0.6470948917886973,0.4416339416458626,0.5853607020790877,0.4691633440761638,0.5097100378214556,0.09140900193994787
brainstem,0.4645011593746719,0.4908426834980856,0.4812657046423175,0.4770733981969731,0.2993069462438292,0.44259797839117543,0.07214342440738392
