metric,mean,sd,median,iqr_lo,iqr_hi,min,max
ROC-AUC,0.8,0.022222222222222233,0.7944444444444444,0.7888888888888889,0.8166666666666667,0.7722222222222221,0.8277777777777777
PR-AUC,0.8496394711190106,0.022698056676022708,0.855394746865335,0.8439091344186243,0.8590635625074984,0.814407648881333,0.8754222629222628
Accuracy,0.6888888888888889,0.03312693299999689,0.6666666666666666,0.6666666666666666,0.7037037037037037,0.6666666666666666,0.7407407407407407
Balanced Acc,0.6783333333333333,0.03151278400198174,0.6833333333333333,0.6583333333333333,0.6833333333333333,0.6416666666666667,0.7250000000000001
Sensitivity,0.7733333333333333,0.14605934866804432,0.8666666666666667,0.7333333333333333,0.8666666666666667,0.5333333333333333,0.8666666666666667
Specificity,0.5833333333333333,0.1559023911155809,0.5833333333333334,0.5,0.5833333333333334,0.4166666666666667,0.8333333333333334
Precision,0.7087865497076022,0.05703807360197523,0.6875,0.6842105263157895,0.7222222222222222,0.65,0.8
Recall,0.7733333333333333,0.14605934866804432,0.8666666666666667,0.7333333333333333,0.8666666666666667,0.5333333333333333,0.8666666666666667
F1,0.7290238464887422,0.057506524378443925,0.7428571428571429,0.7096774193548387,0.7647058823529411,0.64,0.7878787878787878
Brier,0.27730668519745094,0.09419627647349124,0.283410115316689,0.19274487987932987,0.2968696852645912,0.1923280653632752,0.4211806801633692
