subject_id,diagnosis,mean_probability,sd_probability,min_probability,max_probability
OAS1_0013,CN,0.815053129196167,0.2515111888297673,0.4313899874687195,0.9981364011764526
OAS1_0028,AD,0.8566561937332153,0.22425381164605865,0.4624345898628235,0.9969432950019836
OAS1_0030,CN,0.4875330188311636,0.44750867212565837,0.0069675692357122,0.9640005826950072
OAS1_0031,AD,0.9893339395523071,0.011022008935383035,0.9727072715759276,0.9999499320983888
OAS1_0082,AD,0.42721802964806554,0.40758014620768057,0.0118045061826705,0.9653503894805908
OAS1_0115,AD,0.9595878720283508,0.051742622136855675,0.8792114853858948,0.9998082518577576
OAS1_0120,AD,0.7104959964752198,0.31662475671845314,0.3472733795642853,0.9841267466545104
OAS1_0134,AD,0.9974608302116394,0.002276914954976206,0.9950048327445984,0.9999388456344604
OAS1_0142,AD,0.5036380298435688,0.4186412074055153,0.0420004688203334,0.9773543477058412
OAS1_0146,CN,0.3616851519793272,0.43406471137766084,0.0245463848114013,0.9726991653442384
OAS1_0155,AD,0.801634919643402,0.1800284677898231,0.5666707754135132,0.9948988556861876
OAS1_0158,AD,0.979166579246521,0.026843605059839327,0.9321805834770204,0.9997867941856384
OAS1_0165,CN,0.2914562518708408,0.3990598312439354,0.0053789499215781,0.9448091387748718
OAS1_0166,AD,0.887574028968811,0.12115011394589045,0.7477942705154419,0.9996248483657836
OAS1_0169,CN,0.849718451499939,0.20245672842564197,0.5010927319526672,0.9977280497550964
OAS1_0176,CN,0.563757762685418,0.47187078729457826,0.0192170906811952,0.9785696268081664
OAS1_0185,AD,0.9547121047973632,0.04982606353330628,0.8783341646194458,0.997523844242096
OAS1_0199,CN,0.43742361981421707,0.3569810530440448,0.0082730064168572,0.9597912430763244
OAS1_0221,CN,0.8657251477241517,0.14843277576474337,0.6292325258255005,0.9955258965492249
OAS1_0269,AD,0.971221137046814,0.03401917717719438,0.914747416973114,0.9997579455375672
OAS1_0273,AD,0.8967480063438416,0.17692160329711076,0.5842081308364868,0.9996715784072876
OAS1_0279,CN,0.46217425875365736,0.42160148593878566,0.0215794164687395,0.9783741235733032
OAS1_0330,CN,0.7075767323374749,0.3585080806881877,0.1173832640051841,0.9938262104988098
OAS1_0337,CN,0.8428087532520294,0.31068159602660844,0.2884232699871063,0.9990750551223756
OAS1_0341,CN,0.6476822137832642,0.31090924886194105,0.2607304751873016,0.9590423107147216
OAS1_0351,AD,0.9842618823051452,0.015076489137469914,0.9604231119155884,0.999066174030304
OAS1_0418,AD,0.7577433466911316,0.2695460544535137,0.3191356658935547,0.9659932255744934
