region,structure,mean_relevance,sd,cv,mean_rank,best_rank,worst_rank,top10_count,top20_count,n_seeds
TianS1_15,subcortex/brainstem,0.6356717118401087,0.13494618512375367,0.21228911497904887,7.0,5,12,4,5,5
insula_L,cortex,0.6295138282443824,0.14695375778902908,0.23344007898739982,8.4,4,14,4,5,5
parsopercularis_L,cortex,0.6059861162362143,0.1667183585358973,0.2751191059811513,11.2,5,19,3,5,5
TianS1_14,subcortex/brainstem,0.6058378021735682,0.11479944359796475,0.1894887430036522,12.2,7,19,2,5,5
TianS1_16,subcortex/brainstem,0.6027885614465608,0.12563921671431205,0.2084299947776139,11.2,3,23,2,4,5
lateralorbitofrontal_L,cortex,0.6016347143615328,0.17919239983375798,0.2978425206463039,14.8,4,20,1,5,5
transversetemporal_L,cortex,0.5978980324606186,0.13130427868371558,0.21960981899093995,13.6,3,25,2,4,5
TianS1_10,subcortex/brainstem,0.5965614903507561,0.13589908478934337,0.22780398498307314,18.4,6,40,3,3,5
temporalpole_L,cortex,0.5958710528877854,0.17870196914663608,0.2999004034188069,21.4,2,45,2,3,5
parstriangularis_L,cortex,0.5951868640324053,0.1875186910276572,0.3150585175170258,15.2,2,27,2,3,5
TianS1_09,subcortex/brainstem,0.592381089950724,0.12443869067835352,0.2100652650622333,20.4,1,45,2,2,5
TianS1_13,subcortex/brainstem,0.5838610466673633,0.12928963409177963,0.22143904757776792,14.0,11,21,0,4,5
parsorbitalis_L,cortex,0.5792456971141998,0.19765805965382297,0.34123353982352356,20.6,3,38,1,3,5
caudalanteriorcingulate_L,cortex,0.5774796578603363,0.15170971114857765,0.2627100523517812,17.0,1,35,2,3,5
entorhinal_L,cortex,0.5770318536101096,0.14862806515941562,0.257573415106198,24.6,4,50,2,3,5
rostralmiddlefrontal_L,cortex,0.5743635371186675,0.20334696115342937,0.3540387716350045,23.6,1,46,2,2,5
TianS1_11,subcortex/brainstem,0.5693906024270247,0.07405585961989204,0.13006161201858496,20.8,3,39,2,3,5
parahippocampal_L,cortex,0.5657665498593006,0.1189812064776134,0.2103008855988439,26.0,1,50,2,2,5
TianS1_12,subcortex/brainstem,0.5655884443851472,0.07324795422195039,0.12950751548960385,19.0,9,30,1,3,5
rostralanteriorcingulate_L,cortex,0.5647681668916811,0.16477446981473368,0.2917559442516107,18.8,7,37,3,3,5
caudalmiddlefrontal_L,cortex,0.5586025119289091,0.15512634371548753,0.27770434325442095,22.2,4,48,1,3,5
superiortemporal_L,cortex,0.5576321785486693,0.15319752980718587,0.2747286395952041,23.4,11,49,0,3,5
accumbensarea_L,subcortex/brainstem,0.5530340085182743,0.11248663709582377,0.2033991316324388,23.0,15,28,0,1,5
caudalanteriorcingulate_R,cortex,0.5468765746902079,0.15551968500256252,0.2843780337284708,23.8,1,51,2,2,5
rostralanteriorcingulate_R,cortex,0.5366490425181254,0.16037107195309402,0.29883789822969353,25.0,4,46,2,2,5
medialorbitofrontal_L,cortex,0.5310971824288588,0.15796675084028328,0.29743473711883817,31.8,16,44,0,1,5
precentral_L,cortex,0.5189811321391276,0.12660053373336447,0.2439405325036472,31.8,26,49,0,0,5
posteriorcingulate_L,cortex,0.5142766947773738,0.07689371573465141,0.14951818061274985,29.6,16,43,0,1,5
bankssts_L,cortex,0.510878466328687,0.13114321115087546,0.25670138750084065,36.0,12,57,0,1,5
accumbensarea_R,subcortex/brainstem,0.5097100378214556,0.10219837104656677,0.20050295945391103,29.4,25,37,0,0,5
postcentral_L,cortex,0.5038116874134977,0.11866116962859553,0.23552682995066315,36.0,24,50,0,0,5
supramarginal_L,cortex,0.5035815367959586,0.12505844140670647,0.248338019305457,36.2,17,51,0,1,5
TianS1_08,subcortex/brainstem,0.5027395411693677,0.12468642392217232,0.24801395894214487,28.6,3,55,2,2,5
superiorfrontal_L,cortex,0.5019608672273652,0.16454842573394576,0.32781126274413913,35.2,11,58,0,1,5
middletemporal_L,cortex,0.4998237386277758,0.15339453628094402,0.3068972608265383,39.8,16,66,0,1,5
medialorbitofrontal_R,cortex,0.4982696695830898,0.14288932081509947,0.2867710590023616,37.8,25,51,0,0,5
TianS1_05,subcortex/brainstem,0.4960395139219297,0.11195859538507075,0.22570499374106637,31.2,14,48,0,1,5
fusiform_L,cortex,0.4915701987687154,0.1314215463029387,0.2673505160242083,39.6,14,65,0,1,5
inferiortemporal_L,cortex,0.485113209853561,0.15045677135609448,0.31014775170008707,41.8,15,71,0,1,5
TianS1_04,subcortex/brainstem,0.48416504108065334,0.07039397585247877,0.14539252089609744,32.0,19,45,0,1,5
isthmuscingulate_L,cortex,0.47865800191617425,0.05700355252662979,0.11909035741266606,37.2,24,51,0,0,5
posteriorcingulate_R,cortex,0.4723341628451766,0.08241919426236269,0.17449340053215323,36.8,18,48,0,1,5
frontalpole_L,cortex,0.46902294019832835,0.18974253876664415,0.40454852525211393,47.0,20,70,0,1,5
lateralorbitofrontal_R,cortex,0.4488240748750522,0.12225507611229391,0.2723897467985166,47.6,42,56,0,0,5
TianS1_06,subcortex/brainstem,0.44741243102827166,0.09145315597316071,0.20440459323621665,41.8,31,60,0,0,5
superiorfrontal_R,cortex,0.44350655600617384,0.1592546996697869,0.35908082420222437,43.8,22,68,0,0,5
brainstem,subcortex/brainstem,0.44259797839117543,0.08065880055226395,0.18223942378918043,45.8,11,68,0,1,5
TianS1_03,subcortex/brainstem,0.4378987581387282,0.06294894363927953,0.14375227714013528,43.0,16,58,0,1,5
TianS1_07,subcortex/brainstem,0.43064002197228596,0.11160529455407316,0.25916145471787005,43.0,23,67,0,0,5
frontalpole_R,cortex,0.4306340606795513,0.17069714940684047,0.39638562062990584,55.0,29,79,0,0,5
paracentral_L,cortex,0.42317763197640634,0.08400428046348354,0.1985083192397255,50.4,41,59,0,0,5
isthmuscingulate_R,cortex,0.4215505770650356,0.0566724229476517,0.1344380153437874,49.4,36,62,0,0,5
TianS1_02,subcortex/brainstem,0.4163357732021118,0.07906102448055403,0.18989726458642206,50.4,30,62,0,0,5
rostralmiddlefrontal_R,cortex,0.41529809431979114,0.17445751599425835,0.42007781490064144,47.0,9,76,1,1,5
temporalpole_R,cortex,0.4084596996965385,0.08634757903030396,0.21139803778550278,54.6,43,63,0,0,5
entorhinal_R,cortex,0.40470346671051444,0.07549078914473499,0.18653358657471983,53.0,23,65,0,0,5
insula_R,cortex,0.3912825368533276,0.11819417627152141,0.3020686208539548,54.8,43,73,0,0,5
parstriangularis_R,cortex,0.38931442756144186,0.1521785352778283,0.3908885068324661,52.6,24,75,0,0,5
precuneus_L,cortex,0.3884110303924989,0.07612514982799218,0.19599121515953302,57.4,39,66,0,0,5
inferiorparietal_L,cortex,0.388218009036286,0.11787159659170533,0.3036221758086655,58.2,31,73,0,0,5
paracentral_R,cortex,0.3852692092992327,0.08760909699274601,0.22739708982220108,58.2,47,65,0,0,5
parsorbitalis_R,cortex,0.3819055423372678,0.1307127825039035,0.3422646911692856,59.2,49,72,0,0,5
parsopercularis_R,cortex,0.3812610265399689,0.15533989108791904,0.40743711073136457,52.4,20,83,0,1,5
TianS1_01,subcortex/brainstem,0.37991639069823313,0.08043965118442538,0.21172987834662402,56.2,25,68,0,0,5
parahippocampal_R,cortex,0.3753755443617896,0.07573922809204481,0.201769212804782,55.8,17,68,0,1,5
caudalmiddlefrontal_R,cortex,0.37389332466817543,0.15524226263540705,0.4152046918012836,55.4,26,78,0,0,5
lingual_L,cortex,0.36964536138098364,0.08804833459976104,0.23819677939637923,60.6,36,75,0,0,5
superiorparietal_L,cortex,0.3552626826806534,0.09665506911526978,0.2720664843995261,65.0,43,75,0,0,5
precuneus_R,cortex,0.3303824491084024,0.07659841263540469,0.23184770511302746,67.4,61,73,0,0,5
transversetemporal_R,cortex,0.32836141830620413,0.11486905971776981,0.3498250808828336,65.6,55,82,0,0,5
precentral_R,cortex,0.3279769281433794,0.12224944506127461,0.3727379415171291,67.2,53,78,0,0,5
pericalcarine_L,cortex,0.3173878964863185,0.09402777833048316,0.2962550852487734,70.0,50,81,0,0,5
cuneus_L,cortex,0.31046205181371617,0.0885109815607694,0.28509436513638026,70.8,54,79,0,0,5
superiortemporal_R,cortex,0.30434001079177353,0.09435101050846766,0.310018424008737,71.2,62,80,0,0,5
lateraloccipital_L,cortex,0.30041494252598666,0.11957666564153015,0.39803834202150734,72.6,47,86,0,0,5
fusiform_R,cortex,0.2964647726154864,0.08262863936884013,0.27871317944411944,70.8,52,78,0,0,5
postcentral_R,cortex,0.29214149241612075,0.11079916060716144,0.37926540215431376,74.2,60,82,0,0,5
lingual_R,cortex,0.2917702499443774,0.07873756148074158,0.269861514310496,72.2,61,80,0,0,5
cuneus_R,cortex,0.2749321610554103,0.08548814459867368,0.31094268589931995,77.4,65,82,0,0,5
inferiortemporal_R,cortex,0.25975167214608663,0.08073135134137949,0.31080204671781847,77.0,60,85,0,0,5
supramarginal_R,cortex,0.2592040085233944,0.11082561318548372,0.42756133987596556,79.0,70,86,0,0,5
middletemporal_R,cortex,0.25683454141441747,0.08268682517951695,0.3219458906272928,79.0,69,84,0,0,5
bankssts_R,cortex,0.25365973726663216,0.10289479867666582,0.405641036237883,78.6,67,87,0,0,5
pericalcarine_R,cortex,0.2531859322427125,0.08850702328871246,0.3495732266983407,80.6,69,85,0,0,5
superiorparietal_R,cortex,0.24822721061975178,0.09223724044045672,0.3715839218841759,79.8,71,86,0,0,5
inferiorparietal_R,cortex,0.21549489895907298,0.09822671744647041,0.4558192231971381,85.2,84,86,0,0,5
lateraloccipital_R,cortex,0.1889374481163512,0.09716629300091081,0.5142775768892253,85.4,79,87,0,0,5
