,OAS1_0337_gradcam.nii
TianS1_01,0.0
TianS1_02,0.0
TianS1_03,0.0
TianS1_04,0.0
TianS1_05,0.0
TianS1_06,5.237097238105807e-05
TianS1_07,0.002658060889572222
TianS1_08,0.002228930091281989
TianS1_09,0.0
TianS1_10,0.0
TianS1_11,0.0
TianS1_12,0.0
TianS1_13,0.0
TianS1_14,0.0
TianS1_15,0.0
TianS1_16,0.0
bankssts_L,0.0
caudalanteriorcingulate_L,0.0
caudalmiddlefrontal_L,0.0
cuneus_L,0.0
entorhinal_L,0.0
fusiform_L,0.0
inferiorparietal_L,0.0
inferiortemporal_L,0.0
isthmuscingulate_L,0.0
lateraloccipital_L,0.0
lateralorbitofrontal_L,0.0
lingual_L,0.0
medialorbitofrontal_L,0.0
middletemporal_L,0.0
parahippocampal_L,0.0
paracentral_L,0.0
parsopercularis_L,0.0
parsorbitalis_L,0.0
parstriangularis_L,0.0
pericalcarine_L,0.0
postcentral_L,0.0
posteriorcingulate_L,0.0
precentral_L,0.0
precuneus_L,0.0
rostralanteriorcingulate_L,0.0
rostralmiddlefrontal_L,0.0
superiorfrontal_L,0.0
superiorparietal_L,0.0
superiortemporal_L,0.0
supramarginal_L,0.0
frontalpole_L,0.0
temporalpole_L,0.0
transversetemporal_L,0.0
insula_L,0.0
accumbensarea_L,0.0
bankssts_R,0.0
caudalanteriorcingulate_R,0.028872799012959926
caudalmiddlefrontal_R,0.15243328886004393
cuneus_R,0.0
entorhinal_R,0.0
fusiform_R,0.0
inferiorparietal_R,0.0
inferiortemporal_R,0.0
isthmuscingulate_R,0.0
lateraloccipital_R,0.0
lateralorbitofrontal_R,0.0001468694121421048
lingual_R,0.0
medialorbitofrontal_R,0.0
middletemporal_R,0.0
parahippocampal_R,0.0
paracentral_R,0.0
parsopercularis_R,0.06585726026247185
parsorbitalis_R,0.0
parstriangularis_R,0.0639098156367739
pericalcarine_R,0.0
postcentral_R,0.0
posteriorcingulate_R,0.0028335715058384484
precentral_R,0.03137867026598243
precuneus_R,0.0
rostralanteriorcingulate_R,0.01566124564096462
rostralmiddlefrontal_R,0.136083468483808
superiorfrontal_R,0.09251747541349122
superiorparietal_R,0.0
superiortemporal_R,0.0
supramarginal_R,0.0
frontalpole_R,0.0
temporalpole_R,0.0
transversetemporal_R,0.0
insula_R,0.004046578166157413
accumbensarea_R,0.0
brainstem,0.0
